{
 "model_type": "LP",
 "sat": true,
 "obj": 16,
 "solveTime": 0.07910490036010742,
 "time": 0.9499449729919434,
 "sol": {
  "K": 2,
  "H": 2,
  "M": [
   0,
   0
  ],
  "P": [],
  "O": [
   4
  ],
  "Q": [
   1,
   1,
   2,
   2,
   3,
   5,
   6,
   6,
   7,
   7
  ]
 }
}