{
 "model_type": "LP",
 "sat": true,
 "obj": 3,
 "solveTime": 0.0006580352783203125,
 "time": 0.24869012832641602,
 "sol": {
  "K": 2,
  "H": 2,
  "M": [
   0
  ],
  "P": [
   6,
   6
  ],
  "O": [
   1,
   2,
   4
  ],
  "Q": [
   3,
   3,
   5,
   7,
   7
  ]
 }
}