{
 "model_type": "LP",
 "sat": true,
 "obj": 0,
 "solveTime": 0.482097864151001,
 "time": 2.4332618713378906,
 "sol": {
  "K": 2,
  "H": 3,
  "M": [
   0,
   0,
   3
  ],
  "P": [
   2,
   2,
   5,
   5,
   10,
   10
  ],
  "O": [
   4,
   6,
   7,
   9
  ],
  "Q": [
   8,
   8,
   11,
   11
  ]
 }
}