{
 "model_type": "LP",
 "sat": true,
 "obj": 0,
 "solveTime": 4.291534423828125e-05,
 "time": 0.1676950454711914,
 "sol": {
  "K": 1,
  "H": 2,
  "M": [
   0,
   0
  ],
  "P": [
   3
  ],
  "O": [
   1,
   2
  ],
  "Q": []
 }
}