{
 "model_type": "LP",
 "sat": true,
 "obj": 4,
 "solveTime": 0.0001862049102783203,
 "time": 0.1782541275024414,
 "sol": {
  "K": 1,
  "H": 2,
  "M": [
   0,
   0
  ],
  "P": [
   3,
   3
  ],
  "O": [],
  "Q": [
   1,
   2
  ]
 }
}