{
 "model_type": "LP",
 "sat": true,
 "obj": 4,
 "solveTime": 0.0019979476928710938,
 "time": 0.23067808151245117,
 "sol": {
  "K": 1,
  "H": 3,
  "M": [
   0,
   0
  ],
  "P": [
   4,
   4
  ],
  "O": [
   3
  ],
  "Q": [
   1,
   2,
   5,
   5
  ]
 }
}