{
 "model_type": "LP",
 "sat": true,
 "obj": 0,
 "solveTime": 0.0005791187286376953,
 "time": 0.18534612655639648,
 "sol": {
  "K": 1,
  "H": 3,
  "M": [
   0,
   0
  ],
  "P": [
   2,
   2
  ],
  "O": [
   1,
   4
  ],
  "Q": [
   5,
   5
  ]
 }
}