{
 "model_type": "LP",
 "sat": true,
 "obj": 0,
 "solveTime": 0.4840970039367676,
 "time": 1.7746708393096924,
 "sol": {
  "K": 2,
  "H": 3,
  "M": [
   0,
   0,
   3,
   3,
   4,
   4
  ],
  "P": [
   11,
   11
  ],
  "O": [
   2,
   5
  ],
  "Q": [
   8,
   8
  ]
 }
}