{
 "model_type": "LP",
 "sat": true,
 "obj": 0,
 "solveTime": 0.0002009868621826172,
 "time": 0.18225812911987305,
 "sol": {
  "K": 2,
  "H": 2,
  "M": [
   0
  ],
  "P": [
   6,
   6
  ],
  "O": [
   3,
   4
  ],
  "Q": [
   7,
   7
  ]
 }
}