{
 "model_type": "LP",
 "sat": true,
 "obj": 0,
 "solveTime": 0.0006680488586425781,
 "time": 0.18982887268066406,
 "sol": {
  "K": 1,
  "H": 4,
  "M": [
   0,
   0,
   4
  ],
  "P": [
   3,
   7,
   7
  ],
  "O": [
   1,
   2,
   5
  ],
  "Q": []
 }
}