{
 "model_type": "LP",
 "sat": true,
 "obj": 4,
 "solveTime": 0.21260404586791992,
 "time": 1.1918249130249023,
 "sol": {
  "K": 1,
  "H": 4,
  "M": [
   0,
   0,
   4,
   4
  ],
  "P": [
   6
  ],
  "O": [
   1,
   5
  ],
  "Q": [
   2,
   2,
   3,
   3,
   7,
   7
  ]
 }
}