{
 "model_type": "LP",
 "sat": true,
 "obj": 2,
 "solveTime": 0.0004138946533203125,
 "time": 0.2187938690185547,
 "sol": {
  "K": 2,
  "H": 2,
  "M": [
   0
  ],
  "P": [
   3,
   3
  ],
  "O": [
   5,
   6
  ],
  "Q": [
   2,
   2,
   7,
   7
  ]
 }
}