{
 "model_type": "LP",
 "sat": true,
 "obj": 4,
 "solveTime": 0.0018970966339111328,
 "time": 0.21450400352478027,
 "sol": {
  "K": 1,
  "H": 3,
  "M": [
   0,
   0
  ],
  "P": [
   4
  ],
  "O": [
   1,
   3
  ],
  "Q": [
   2,
   2,
   5,
   5
  ]
 }
}