{
 "model_type": "LP",
 "sat": true,
 "obj": 0,
 "solveTime": 0.0026750564575195312,
 "time": 0.24582791328430176,
 "sol": {
  "K": 1,
  "H": 4,
  "M": [
   0,
   4
  ],
  "P": [
   2,
   6
  ],
  "O": [
   5
  ],
  "Q": [
   3,
   3,
   7,
   7
  ]
 }
}