{
 "model_type": "LP",
 "sat": true,
 "obj": 0,
 "solveTime": 0.011149883270263672,
 "time": 0.2848389148712158,
 "sol": {
  "K": 1,
  "H": 4,
  "M": [
   0,
   0,
   5,
   5
  ],
  "P": [
   2,
   2,
   7,
   7
  ],
  "O": [
   1,
   4,
   6
  ],
  "Q": [
   3
  ]
 }
}