{
 "model_type": "LP",
 "sat": true,
 "obj": 4,
 "solveTime": 6.146753787994385,
 "time": 129.1659529209137,
 "sol": {
  "K": 2,
  "H": 3,
  "M": [
   0,
   0,
   1,
   1,
   3,
   3,
   6,
   6
  ],
  "P": [
   10,
   10
  ],
  "O": [
   2,
   7,
   9
  ],
  "Q": [
   5,
   11,
   11
  ]
 }
}