{
 "model_type": "LP",
 "sat": true,
 "obj": 0,
 "solveTime": 0.005285024642944336,
 "time": 0.42875099182128906,
 "sol": {
  "K": 1,
  "H": 4,
  "M": [
   0,
   0,
   4,
   4
  ],
  "P": [
   6
  ],
  "O": [
   1,
   2,
   5
  ],
  "Q": [
   3,
   3,
   7,
   7
  ]
 }
}