{
 "model_type": "LP",
 "sat": true,
 "obj": 5,
 "solveTime": 0.00014591217041015625,
 "time": 0.17648696899414062,
 "sol": {
  "K": 1,
  "H": 2,
  "M": [
   0
  ],
  "P": [],
  "O": [],
  "Q": [
   1,
   1,
   2,
   3,
   3
  ]
 }
}