{
 "model_type": "LP",
 "sat": true,
 "obj": 0,
 "solveTime": 0.00037384033203125,
 "time": 0.37218594551086426,
 "sol": {
  "K": 2,
  "H": 3,
  "M": [
   0
  ],
  "P": [
   2,
   2,
   4,
   4,
   10,
   10,
   11,
   11
  ],
  "O": [
   1,
   3,
   6,
   7,
   9
  ],
  "Q": [
   5,
   5,
   8,
   8
  ]
 }
}