{
 "model_type": "LP",
 "sat": true,
 "obj": 0,
 "solveTime": 0.00011086463928222656,
 "time": 0.17148685455322266,
 "sol": {
  "K": 1,
  "H": 3,
  "M": [
   0
  ],
  "P": [
   2,
   2,
   5,
   5
  ],
  "O": [
   3
  ],
  "Q": []
 }
}