{
 "model_type": "LP",
 "sat": true,
 "obj": 6,
 "solveTime": 0.0017180442810058594,
 "time": 0.33261585235595703,
 "sol": {
  "K": 2,
  "H": 2,
  "M": [
   0
  ],
  "P": [
   3
  ],
  "O": [
   1,
   2
  ],
  "Q": [
   4,
   4,
   5,
   5,
   6,
   6,
   7,
   7
  ]
 }
}