{
 "model_type": "LP",
 "sat": true,
 "obj": 0,
 "solveTime": 9.107589721679688e-05,
 "time": 0.17001008987426758,
 "sol": {
  "K": 1,
  "H": 3,
  "M": [
   0
  ],
  "P": [
   2,
   2,
   4
  ],
  "O": [
   1,
   5
  ],
  "Q": []
 }
}