{
 "model_type": "LP",
 "sat": true,
 "obj": 4,
 "solveTime": 3.633866786956787,
 "time": 127.25082778930664,
 "sol": {
  "K": 2,
  "H": 3,
  "M": [
   0,
   9,
   9
  ],
  "P": [
   4,
   4,
   7,
   7,
   11,
   11
  ],
  "O": [
   6,
   10
  ],
  "Q": [
   1,
   1,
   2,
   2,
   5,
   5,
   8,
   8
  ]
 }
}