{
 "model_type": "LP",
 "sat": true,
 "obj": 2,
 "solveTime": 0.00011610984802246094,
 "time": 0.17800116539001465,
 "sol": {
  "K": 1,
  "H": 2,
  "M": [
   0,
   0
  ],
  "P": [
   3,
   3
  ],
  "O": [
   2
  ],
  "Q": [
   1
  ]
 }
}