{
 "model_type": "LP",
 "sat": true,
 "obj": 4,
 "solveTime": 0.0001430511474609375,
 "time": 0.17827200889587402,
 "sol": {
  "K": 1,
  "H": 2,
  "M": [
   0,
   0
  ],
  "P": [],
  "O": [
   1,
   3
  ],
  "Q": [
   2,
   2
  ]
 }
}