{
 "model_type": "LP",
 "sat": true,
 "timeouted": false,
 "obj": 0,
 "solveTime": 0.001161813735961914,
 "time": 4.567723035812378,
 "sol": {
  "K": 4,
  "H": 3,
  "M": [
   0
  ],
  "P": [
   2,
   2,
   5,
   5,
   7,
   12,
   12,
   13,
   13,
   18
  ],
  "O": [
   1,
   3,
   4,
   10,
   15,
   19,
   20,
   21,
   22,
   23
  ],
  "Q": [
   8,
   8,
   11,
   16,
   17,
   17
  ],
  "vicini1": [
   [
    3,
    0
   ],
   [
    4,
    1
   ],
   [
    5,
    2
   ],
   [
    0,
    3
   ],
   [
    1,
    4
   ],
   [
    2,
    5
   ],
   [
    9,
    6
   ],
   [
    10,
    7
   ],
   [
    11,
    8
   ],
   [
    6,
    9
   ],
   [
    7,
    10
   ],
   [
    8,
    11
   ],
   [
    15,
    12
   ],
   [
    16,
    13
   ],
   [
    17,
    14
   ],
   [
    12,
    15
   ],
   [
    13,
    16
   ],
   [
    14,
    17
   ],
   [
    21,
    18
   ],
   [
    22,
    19
   ],
   [
    23,
    20
   ],
   [
    18,
    21
   ],
   [
    19,
    22
   ],
   [
    20,
    23
   ],
   [
    6,
    0
   ],
   [
    7,
    1
   ],
   [
    8,
    2
   ],
   [
    9,
    3
   ],
   [
    10,
    4
   ],
   [
    11,
    5
   ],
   [
    12,
    6
   ],
   [
    13,
    7
   ],
   [
    14,
    8
   ],
   [
    15,
    9
   ],
   [
    16,
    10
   ],
   [
    17,
    11
   ],
   [
    18,
    12
   ],
   [
    19,
    13
   ],
   [
    20,
    14
   ],
   [
    21,
    15
   ],
   [
    22,
    16
   ],
   [
    23,
    17
   ],
   [
    0,
    6
   ],
   [
    1,
    7
   ],
   [
    2,
    8
   ],
   [
    3,
    9
   ],
   [
    4,
    10
   ],
   [
    5,
    11
   ],
   [
    6,
    12
   ],
   [
    7,
    13
   ],
   [
    8,
    14
   ],
   [
    9,
    15
   ],
   [
    10,
    16
   ],
   [
    11,
    17
   ],
   [
    12,
    18
   ],
   [
    13,
    19
   ],
   [
    14,
    20
   ],
   [
    15,
    21
   ],
   [
    16,
    22
   ],
   [
    17,
    23
   ],
   [
    1,
    0
   ],
   [
    2,
    1
   ],
   [
    4,
    3
   ],
   [
    5,
    4
   ],
   [
    7,
    6
   ],
   [
    8,
    7
   ],
   [
    10,
    9
   ],
   [
    11,
    10
   ],
   [
    13,
    12
   ],
   [
    14,
    13
   ],
   [
    16,
    15
   ],
   [
    17,
    16
   ],
   [
    19,
    18
   ],
   [
    20,
    19
   ],
   [
    22,
    21
   ],
   [
    23,
    22
   ],
   [
    0,
    1
   ],
   [
    1,
    2
   ],
   [
    3,
    4
   ],
   [
    4,
    5
   ],
   [
    6,
    7
   ],
   [
    7,
    8
   ],
   [
    9,
    10
   ],
   [
    10,
    11
   ],
   [
    12,
    13
   ],
   [
    13,
    14
   ],
   [
    15,
    16
   ],
   [
    16,
    17
   ],
   [
    18,
    19
   ],
   [
    19,
    20
   ],
   [
    21,
    22
   ],
   [
    22,
    23
   ]
  ],
  "vicini2": [
   [
    9,
    0
   ],
   [
    4,
    0
   ],
   [
    10,
    1
   ],
   [
    5,
    1
   ],
   [
    3,
    1
   ],
   [
    11,
    2
   ],
   [
    4,
    2
   ],
   [
    6,
    3
   ],
   [
    1,
    3
   ],
   [
    7,
    4
   ],
   [
    2,
    4
   ],
   [
    0,
    4
   ],
   [
    8,
    5
   ],
   [
    1,
    5
   ],
   [
    15,
    6
   ],
   [
    3,
    6
   ],
   [
    10,
    6
   ],
   [
    16,
    7
   ],
   [
    4,
    7
   ],
   [
    11,
    7
   ],
   [
    9,
    7
   ],
   [
    17,
    8
   ],
   [
    5,
    8
   ],
   [
    10,
    8
   ],
   [
    12,
    9
   ],
   [
    0,
    9
   ],
   [
    7,
    9
   ],
   [
    13,
    10
   ],
   [
    1,
    10
   ],
   [
    8,
    10
   ],
   [
    6,
    10
   ],
   [
    14,
    11
   ],
   [
    2,
    11
   ],
   [
    7,
    11
   ],
   [
    21,
    12
   ],
   [
    9,
    12
   ],
   [
    16,
    12
   ],
   [
    22,
    13
   ],
   [
    10,
    13
   ],
   [
    17,
    13
   ],
   [
    15,
    13
   ],
   [
    23,
    14
   ],
   [
    11,
    14
   ],
   [
    16,
    14
   ],
   [
    18,
    15
   ],
   [
    6,
    15
   ],
   [
    13,
    15
   ],
   [
    19,
    16
   ],
   [
    7,
    16
   ],
   [
    14,
    16
   ],
   [
    12,
    16
   ],
   [
    20,
    17
   ],
   [
    8,
    17
   ],
   [
    13,
    17
   ],
   [
    15,
    18
   ],
   [
    22,
    18
   ],
   [
    16,
    19
   ],
   [
    23,
    19
   ],
   [
    21,
    19
   ],
   [
    17,
    20
   ],
   [
    22,
    20
   ],
   [
    12,
    21
   ],
   [
    19,
    21
   ],
   [
    13,
    22
   ],
   [
    20,
    22
   ],
   [
    18,
    22
   ],
   [
    14,
    23
   ],
   [
    19,
    23
   ],
   [
    12,
    0
   ],
   [
    7,
    0
   ],
   [
    13,
    1
   ],
   [
    8,
    1
   ],
   [
    6,
    1
   ],
   [
    14,
    2
   ],
   [
    7,
    2
   ],
   [
    15,
    3
   ],
   [
    10,
    3
   ],
   [
    16,
    4
   ],
   [
    11,
    4
   ],
   [
    9,
    4
   ],
   [
    17,
    5
   ],
   [
    10,
    5
   ],
   [
    18,
    6
   ],
   [
    13,
    6
   ],
   [
    19,
    7
   ],
   [
    14,
    7
   ],
   [
    12,
    7
   ],
   [
    20,
    8
   ],
   [
    13,
    8
   ],
   [
    21,
    9
   ],
   [
    16,
    9
   ],
   [
    22,
    10
   ],
   [
    17,
    10
   ],
   [
    15,
    10
   ],
   [
    23,
    11
   ],
   [
    16,
    11
   ],
   [
    19,
    12
   ],
   [
    20,
    13
   ],
   [
    18,
    13
   ],
   [
    19,
    14
   ],
   [
    22,
    15
   ],
   [
    23,
    16
   ],
   [
    21,
    16
   ],
   [
    22,
    17
   ],
   [
    1,
    6
   ],
   [
    2,
    7
   ],
   [
    0,
    7
   ],
   [
    1,
    8
   ],
   [
    4,
    9
   ],
   [
    5,
    10
   ],
   [
    3,
    10
   ],
   [
    4,
    11
   ],
   [
    0,
    12
   ],
   [
    7,
    12
   ],
   [
    1,
    13
   ],
   [
    8,
    13
   ],
   [
    6,
    13
   ],
   [
    2,
    14
   ],
   [
    7,
    14
   ],
   [
    3,
    15
   ],
   [
    10,
    15
   ],
   [
    4,
    16
   ],
   [
    11,
    16
   ],
   [
    9,
    16
   ],
   [
    5,
    17
   ],
   [
    10,
    17
   ],
   [
    6,
    18
   ],
   [
    13,
    18
   ],
   [
    7,
    19
   ],
   [
    14,
    19
   ],
   [
    12,
    19
   ],
   [
    8,
    20
   ],
   [
    13,
    20
   ],
   [
    9,
    21
   ],
   [
    16,
    21
   ],
   [
    10,
    22
   ],
   [
    17,
    22
   ],
   [
    15,
    22
   ],
   [
    11,
    23
   ],
   [
    16,
    23
   ],
   [
    2,
    0
   ],
   [
    5,
    3
   ],
   [
    8,
    6
   ],
   [
    11,
    9
   ],
   [
    14,
    12
   ],
   [
    17,
    15
   ],
   [
    20,
    18
   ],
   [
    23,
    21
   ],
   [
    0,
    2
   ],
   [
    3,
    5
   ],
   [
    6,
    8
   ],
   [
    9,
    11
   ],
   [
    12,
    14
   ],
   [
    15,
    17
   ],
   [
    18,
    20
   ],
   [
    21,
    23
   ]
  ]
 }
}