{
 "model_type": "LP",
 "sat": true,
 "timeouted": false,
 "obj": 0,
 "solveTime": 0.00102996826171875,
 "time": 1.2792620658874512,
 "sol": {
  "K": 1,
  "H": 4,
  "M": [
   0,
   0,
   4,
   4
  ],
  "P": [],
  "O": [
   1,
   2,
   5
  ],
  "Q": [
   3,
   7
  ],
  "vicini1": [
   [
    4,
    0
   ],
   [
    5,
    1
   ],
   [
    6,
    2
   ],
   [
    7,
    3
   ],
   [
    0,
    4
   ],
   [
    1,
    5
   ],
   [
    2,
    6
   ],
   [
    3,
    7
   ],
   [
    1,
    0
   ],
   [
    2,
    1
   ],
   [
    3,
    2
   ],
   [
    5,
    4
   ],
   [
    6,
    5
   ],
   [
    7,
    6
   ],
   [
    0,
    1
   ],
   [
    1,
    2
   ],
   [
    2,
    3
   ],
   [
    4,
    5
   ],
   [
    5,
    6
   ],
   [
    6,
    7
   ]
  ],
  "vicini2": [
   [
    5,
    0
   ],
   [
    6,
    1
   ],
   [
    4,
    1
   ],
   [
    7,
    2
   ],
   [
    5,
    2
   ],
   [
    6,
    3
   ],
   [
    1,
    4
   ],
   [
    2,
    5
   ],
   [
    0,
    5
   ],
   [
    3,
    6
   ],
   [
    1,
    6
   ],
   [
    2,
    7
   ],
   [
    2,
    0
   ],
   [
    3,
    1
   ],
   [
    6,
    4
   ],
   [
    7,
    5
   ],
   [
    0,
    2
   ],
   [
    1,
    3
   ],
   [
    4,
    6
   ],
   [
    5,
    7
   ]
  ]
 }
}