{
 "model_type": "LP",
 "sat": true,
 "timeouted": false,
 "obj": 4,
 "solveTime": 0.02005910873413086,
 "time": 1.3662068843841553,
 "sol": {
  "K": 2,
  "H": 2,
  "M": [
   0,
   0,
   4,
   4
  ],
  "P": [
   7
  ],
  "O": [
   1,
   2,
   5,
   6
  ],
  "Q": [
   3,
   3
  ],
  "vicini1": [
   [
    2,
    0
   ],
   [
    3,
    1
   ],
   [
    0,
    2
   ],
   [
    1,
    3
   ],
   [
    6,
    4
   ],
   [
    7,
    5
   ],
   [
    4,
    6
   ],
   [
    5,
    7
   ],
   [
    4,
    0
   ],
   [
    5,
    1
   ],
   [
    6,
    2
   ],
   [
    7,
    3
   ],
   [
    0,
    4
   ],
   [
    1,
    5
   ],
   [
    2,
    6
   ],
   [
    3,
    7
   ],
   [
    1,
    0
   ],
   [
    3,
    2
   ],
   [
    5,
    4
   ],
   [
    7,
    6
   ],
   [
    0,
    1
   ],
   [
    2,
    3
   ],
   [
    4,
    5
   ],
   [
    6,
    7
   ]
  ],
  "vicini2": [
   [
    6,
    0
   ],
   [
    3,
    0
   ],
   [
    7,
    1
   ],
   [
    2,
    1
   ],
   [
    4,
    2
   ],
   [
    1,
    2
   ],
   [
    5,
    3
   ],
   [
    0,
    3
   ],
   [
    2,
    4
   ],
   [
    7,
    4
   ],
   [
    3,
    5
   ],
   [
    6,
    5
   ],
   [
    0,
    6
   ],
   [
    5,
    6
   ],
   [
    1,
    7
   ],
   [
    4,
    7
   ],
   [
    5,
    0
   ],
   [
    4,
    1
   ],
   [
    7,
    2
   ],
   [
    6,
    3
   ],
   [
    1,
    4
   ],
   [
    0,
    5
   ],
   [
    3,
    6
   ],
   [
    2,
    7
   ]
  ]
 }
}