{
 "model_type": "LP",
 "sat": true,
 "timeouted": false,
 "obj": 24,
 "solveTime": 10.990210056304932,
 "time": 169.694100856781,
 "sol": {
  "K": 2,
  "H": 6,
  "M": [
   0,
   0,
   12,
   12,
   23,
   23
  ],
  "P": [
   11
  ],
  "O": [
   2,
   3,
   4,
   6,
   7,
   8,
   9,
   10,
   13,
   14,
   15
  ],
  "Q": [
   1,
   1,
   5,
   5,
   17,
   18,
   22,
   22
  ],
  "vicini1": [
   [
    6,
    0
   ],
   [
    7,
    1
   ],
   [
    8,
    2
   ],
   [
    9,
    3
   ],
   [
    10,
    4
   ],
   [
    11,
    5
   ],
   [
    0,
    6
   ],
   [
    1,
    7
   ],
   [
    2,
    8
   ],
   [
    3,
    9
   ],
   [
    4,
    10
   ],
   [
    5,
    11
   ],
   [
    18,
    12
   ],
   [
    19,
    13
   ],
   [
    20,
    14
   ],
   [
    21,
    15
   ],
   [
    22,
    16
   ],
   [
    23,
    17
   ],
   [
    12,
    18
   ],
   [
    13,
    19
   ],
   [
    14,
    20
   ],
   [
    15,
    21
   ],
   [
    16,
    22
   ],
   [
    17,
    23
   ],
   [
    12,
    0
   ],
   [
    13,
    1
   ],
   [
    14,
    2
   ],
   [
    15,
    3
   ],
   [
    16,
    4
   ],
   [
    17,
    5
   ],
   [
    18,
    6
   ],
   [
    19,
    7
   ],
   [
    20,
    8
   ],
   [
    21,
    9
   ],
   [
    22,
    10
   ],
   [
    23,
    11
   ],
   [
    0,
    12
   ],
   [
    1,
    13
   ],
   [
    2,
    14
   ],
   [
    3,
    15
   ],
   [
    4,
    16
   ],
   [
    5,
    17
   ],
   [
    6,
    18
   ],
   [
    7,
    19
   ],
   [
    8,
    20
   ],
   [
    9,
    21
   ],
   [
    10,
    22
   ],
   [
    11,
    23
   ],
   [
    1,
    0
   ],
   [
    2,
    1
   ],
   [
    3,
    2
   ],
   [
    4,
    3
   ],
   [
    5,
    4
   ],
   [
    7,
    6
   ],
   [
    8,
    7
   ],
   [
    9,
    8
   ],
   [
    10,
    9
   ],
   [
    11,
    10
   ],
   [
    13,
    12
   ],
   [
    14,
    13
   ],
   [
    15,
    14
   ],
   [
    16,
    15
   ],
   [
    17,
    16
   ],
   [
    19,
    18
   ],
   [
    20,
    19
   ],
   [
    21,
    20
   ],
   [
    22,
    21
   ],
   [
    23,
    22
   ],
   [
    0,
    1
   ],
   [
    1,
    2
   ],
   [
    2,
    3
   ],
   [
    3,
    4
   ],
   [
    4,
    5
   ],
   [
    6,
    7
   ],
   [
    7,
    8
   ],
   [
    8,
    9
   ],
   [
    9,
    10
   ],
   [
    10,
    11
   ],
   [
    12,
    13
   ],
   [
    13,
    14
   ],
   [
    14,
    15
   ],
   [
    15,
    16
   ],
   [
    16,
    17
   ],
   [
    18,
    19
   ],
   [
    19,
    20
   ],
   [
    20,
    21
   ],
   [
    21,
    22
   ],
   [
    22,
    23
   ]
  ],
  "vicini2": [
   [
    18,
    0
   ],
   [
    7,
    0
   ],
   [
    19,
    1
   ],
   [
    8,
    1
   ],
   [
    6,
    1
   ],
   [
    20,
    2
   ],
   [
    9,
    2
   ],
   [
    7,
    2
   ],
   [
    21,
    3
   ],
   [
    10,
    3
   ],
   [
    8,
    3
   ],
   [
    22,
    4
   ],
   [
    11,
    4
   ],
   [
    9,
    4
   ],
   [
    23,
    5
   ],
   [
    10,
    5
   ],
   [
    12,
    6
   ],
   [
    1,
    6
   ],
   [
    13,
    7
   ],
   [
    2,
    7
   ],
   [
    0,
    7
   ],
   [
    14,
    8
   ],
   [
    3,
    8
   ],
   [
    1,
    8
   ],
   [
    15,
    9
   ],
   [
    4,
    9
   ],
   [
    2,
    9
   ],
   [
    16,
    10
   ],
   [
    5,
    10
   ],
   [
    3,
    10
   ],
   [
    17,
    11
   ],
   [
    4,
    11
   ],
   [
    6,
    12
   ],
   [
    19,
    12
   ],
   [
    7,
    13
   ],
   [
    20,
    13
   ],
   [
    18,
    13
   ],
   [
    8,
    14
   ],
   [
    21,
    14
   ],
   [
    19,
    14
   ],
   [
    9,
    15
   ],
   [
    22,
    15
   ],
   [
    20,
    15
   ],
   [
    10,
    16
   ],
   [
    23,
    16
   ],
   [
    21,
    16
   ],
   [
    11,
    17
   ],
   [
    22,
    17
   ],
   [
    0,
    18
   ],
   [
    13,
    18
   ],
   [
    1,
    19
   ],
   [
    14,
    19
   ],
   [
    12,
    19
   ],
   [
    2,
    20
   ],
   [
    15,
    20
   ],
   [
    13,
    20
   ],
   [
    3,
    21
   ],
   [
    16,
    21
   ],
   [
    14,
    21
   ],
   [
    4,
    22
   ],
   [
    17,
    22
   ],
   [
    15,
    22
   ],
   [
    5,
    23
   ],
   [
    16,
    23
   ],
   [
    13,
    0
   ],
   [
    14,
    1
   ],
   [
    12,
    1
   ],
   [
    15,
    2
   ],
   [
    13,
    2
   ],
   [
    16,
    3
   ],
   [
    14,
    3
   ],
   [
    17,
    4
   ],
   [
    15,
    4
   ],
   [
    16,
    5
   ],
   [
    19,
    6
   ],
   [
    20,
    7
   ],
   [
    18,
    7
   ],
   [
    21,
    8
   ],
   [
    19,
    8
   ],
   [
    22,
    9
   ],
   [
    20,
    9
   ],
   [
    23,
    10
   ],
   [
    21,
    10
   ],
   [
    22,
    11
   ],
   [
    1,
    12
   ],
   [
    2,
    13
   ],
   [
    0,
    13
   ],
   [
    3,
    14
   ],
   [
    1,
    14
   ],
   [
    4,
    15
   ],
   [
    2,
    15
   ],
   [
    5,
    16
   ],
   [
    3,
    16
   ],
   [
    4,
    17
   ],
   [
    7,
    18
   ],
   [
    8,
    19
   ],
   [
    6,
    19
   ],
   [
    9,
    20
   ],
   [
    7,
    20
   ],
   [
    10,
    21
   ],
   [
    8,
    21
   ],
   [
    11,
    22
   ],
   [
    9,
    22
   ],
   [
    10,
    23
   ],
   [
    2,
    0
   ],
   [
    3,
    1
   ],
   [
    4,
    2
   ],
   [
    5,
    3
   ],
   [
    8,
    6
   ],
   [
    9,
    7
   ],
   [
    10,
    8
   ],
   [
    11,
    9
   ],
   [
    14,
    12
   ],
   [
    15,
    13
   ],
   [
    16,
    14
   ],
   [
    17,
    15
   ],
   [
    20,
    18
   ],
   [
    21,
    19
   ],
   [
    22,
    20
   ],
   [
    23,
    21
   ],
   [
    0,
    2
   ],
   [
    1,
    3
   ],
   [
    2,
    4
   ],
   [
    3,
    5
   ],
   [
    6,
    8
   ],
   [
    7,
    9
   ],
   [
    8,
    10
   ],
   [
    9,
    11
   ],
   [
    12,
    14
   ],
   [
    13,
    15
   ],
   [
    14,
    16
   ],
   [
    15,
    17
   ],
   [
    18,
    20
   ],
   [
    19,
    21
   ],
   [
    20,
    22
   ],
   [
    21,
    23
   ]
  ]
 }
}