{
 "model_type": "LP",
 "sat": true,
 "timeouted": false,
 "obj": 1,
 "solveTime": 0.00028204917907714844,
 "time": 1.2118141651153564,
 "sol": {
  "K": 1,
  "H": 2,
  "M": [
   0
  ],
  "P": [
   1,
   3,
   3
  ],
  "O": [],
  "Q": [],
  "vicini1": [
   [
    2,
    0
   ],
   [
    3,
    1
   ],
   [
    0,
    2
   ],
   [
    1,
    3
   ],
   [
    1,
    0
   ],
   [
    3,
    2
   ],
   [
    0,
    1
   ],
   [
    2,
    3
   ]
  ],
  "vicini2": [
   [
    3,
    0
   ],
   [
    2,
    1
   ],
   [
    1,
    2
   ],
   [
    0,
    3
   ]
  ]
 }
}