{
 "model_type": "LP",
 "sat": true,
 "timeouted": false,
 "obj": 29,
 "solveTime": 8.245051145553589,
 "time": 150.22273015975952,
 "sol": {
  "K": 5,
  "H": 2,
  "M": [
   0,
   0,
   1,
   1,
   2,
   16,
   16,
   17
  ],
  "P": [
   4,
   4,
   5,
   5,
   12,
   14,
   15,
   15
  ],
  "O": [
   6,
   7,
   8,
   9,
   10,
   11,
   13
  ],
  "Q": [
   3,
   3,
   18,
   18,
   19
  ],
  "vicini1": [
   [
    2,
    0
   ],
   [
    3,
    1
   ],
   [
    0,
    2
   ],
   [
    1,
    3
   ],
   [
    6,
    4
   ],
   [
    7,
    5
   ],
   [
    4,
    6
   ],
   [
    5,
    7
   ],
   [
    10,
    8
   ],
   [
    11,
    9
   ],
   [
    8,
    10
   ],
   [
    9,
    11
   ],
   [
    14,
    12
   ],
   [
    15,
    13
   ],
   [
    12,
    14
   ],
   [
    13,
    15
   ],
   [
    18,
    16
   ],
   [
    19,
    17
   ],
   [
    16,
    18
   ],
   [
    17,
    19
   ],
   [
    4,
    0
   ],
   [
    5,
    1
   ],
   [
    6,
    2
   ],
   [
    7,
    3
   ],
   [
    8,
    4
   ],
   [
    9,
    5
   ],
   [
    10,
    6
   ],
   [
    11,
    7
   ],
   [
    12,
    8
   ],
   [
    13,
    9
   ],
   [
    14,
    10
   ],
   [
    15,
    11
   ],
   [
    16,
    12
   ],
   [
    17,
    13
   ],
   [
    18,
    14
   ],
   [
    19,
    15
   ],
   [
    0,
    4
   ],
   [
    1,
    5
   ],
   [
    2,
    6
   ],
   [
    3,
    7
   ],
   [
    4,
    8
   ],
   [
    5,
    9
   ],
   [
    6,
    10
   ],
   [
    7,
    11
   ],
   [
    8,
    12
   ],
   [
    9,
    13
   ],
   [
    10,
    14
   ],
   [
    11,
    15
   ],
   [
    12,
    16
   ],
   [
    13,
    17
   ],
   [
    14,
    18
   ],
   [
    15,
    19
   ],
   [
    1,
    0
   ],
   [
    3,
    2
   ],
   [
    5,
    4
   ],
   [
    7,
    6
   ],
   [
    9,
    8
   ],
   [
    11,
    10
   ],
   [
    13,
    12
   ],
   [
    15,
    14
   ],
   [
    17,
    16
   ],
   [
    19,
    18
   ],
   [
    0,
    1
   ],
   [
    2,
    3
   ],
   [
    4,
    5
   ],
   [
    6,
    7
   ],
   [
    8,
    9
   ],
   [
    10,
    11
   ],
   [
    12,
    13
   ],
   [
    14,
    15
   ],
   [
    16,
    17
   ],
   [
    18,
    19
   ]
  ],
  "vicini2": [
   [
    6,
    0
   ],
   [
    3,
    0
   ],
   [
    7,
    1
   ],
   [
    2,
    1
   ],
   [
    4,
    2
   ],
   [
    1,
    2
   ],
   [
    5,
    3
   ],
   [
    0,
    3
   ],
   [
    10,
    4
   ],
   [
    2,
    4
   ],
   [
    7,
    4
   ],
   [
    11,
    5
   ],
   [
    3,
    5
   ],
   [
    6,
    5
   ],
   [
    8,
    6
   ],
   [
    0,
    6
   ],
   [
    5,
    6
   ],
   [
    9,
    7
   ],
   [
    1,
    7
   ],
   [
    4,
    7
   ],
   [
    14,
    8
   ],
   [
    6,
    8
   ],
   [
    11,
    8
   ],
   [
    15,
    9
   ],
   [
    7,
    9
   ],
   [
    10,
    9
   ],
   [
    12,
    10
   ],
   [
    4,
    10
   ],
   [
    9,
    10
   ],
   [
    13,
    11
   ],
   [
    5,
    11
   ],
   [
    8,
    11
   ],
   [
    18,
    12
   ],
   [
    10,
    12
   ],
   [
    15,
    12
   ],
   [
    19,
    13
   ],
   [
    11,
    13
   ],
   [
    14,
    13
   ],
   [
    16,
    14
   ],
   [
    8,
    14
   ],
   [
    13,
    14
   ],
   [
    17,
    15
   ],
   [
    9,
    15
   ],
   [
    12,
    15
   ],
   [
    14,
    16
   ],
   [
    19,
    16
   ],
   [
    15,
    17
   ],
   [
    18,
    17
   ],
   [
    12,
    18
   ],
   [
    17,
    18
   ],
   [
    13,
    19
   ],
   [
    16,
    19
   ],
   [
    8,
    0
   ],
   [
    5,
    0
   ],
   [
    9,
    1
   ],
   [
    4,
    1
   ],
   [
    10,
    2
   ],
   [
    7,
    2
   ],
   [
    11,
    3
   ],
   [
    6,
    3
   ],
   [
    12,
    4
   ],
   [
    9,
    4
   ],
   [
    13,
    5
   ],
   [
    8,
    5
   ],
   [
    14,
    6
   ],
   [
    11,
    6
   ],
   [
    15,
    7
   ],
   [
    10,
    7
   ],
   [
    16,
    8
   ],
   [
    13,
    8
   ],
   [
    17,
    9
   ],
   [
    12,
    9
   ],
   [
    18,
    10
   ],
   [
    15,
    10
   ],
   [
    19,
    11
   ],
   [
    14,
    11
   ],
   [
    17,
    12
   ],
   [
    16,
    13
   ],
   [
    19,
    14
   ],
   [
    18,
    15
   ],
   [
    1,
    4
   ],
   [
    0,
    5
   ],
   [
    3,
    6
   ],
   [
    2,
    7
   ],
   [
    0,
    8
   ],
   [
    5,
    8
   ],
   [
    1,
    9
   ],
   [
    4,
    9
   ],
   [
    2,
    10
   ],
   [
    7,
    10
   ],
   [
    3,
    11
   ],
   [
    6,
    11
   ],
   [
    4,
    12
   ],
   [
    9,
    12
   ],
   [
    5,
    13
   ],
   [
    8,
    13
   ],
   [
    6,
    14
   ],
   [
    11,
    14
   ],
   [
    7,
    15
   ],
   [
    10,
    15
   ],
   [
    8,
    16
   ],
   [
    13,
    16
   ],
   [
    9,
    17
   ],
   [
    12,
    17
   ],
   [
    10,
    18
   ],
   [
    15,
    18
   ],
   [
    11,
    19
   ],
   [
    14,
    19
   ]
  ]
 }
}