{
 "model_type": "LP",
 "sat": true,
 "timeouted": false,
 "obj": 0,
 "solveTime": 0.0066678524017333984,
 "time": 197.13440489768982,
 "sol": {
  "K": 5,
  "H": 4,
  "M": [
   0
  ],
  "P": [
   2,
   2,
   5,
   5,
   7,
   7,
   9,
   9,
   10,
   10,
   29,
   29,
   30,
   30,
   31,
   31,
   32,
   32,
   33,
   33
  ],
  "O": [
   1,
   4,
   8,
   18,
   19,
   20,
   21,
   22,
   23,
   24,
   25,
   26,
   28
  ],
  "Q": [
   3,
   3,
   6,
   6,
   11,
   11,
   13,
   13,
   14,
   14,
   15,
   34,
   34,
   35,
   36,
   36,
   37,
   37,
   38,
   38,
   39,
   39
  ],
  "vicini1": [
   [
    4,
    0
   ],
   [
    5,
    1
   ],
   [
    6,
    2
   ],
   [
    7,
    3
   ],
   [
    0,
    4
   ],
   [
    1,
    5
   ],
   [
    2,
    6
   ],
   [
    3,
    7
   ],
   [
    12,
    8
   ],
   [
    13,
    9
   ],
   [
    14,
    10
   ],
   [
    15,
    11
   ],
   [
    8,
    12
   ],
   [
    9,
    13
   ],
   [
    10,
    14
   ],
   [
    11,
    15
   ],
   [
    20,
    16
   ],
   [
    21,
    17
   ],
   [
    22,
    18
   ],
   [
    23,
    19
   ],
   [
    16,
    20
   ],
   [
    17,
    21
   ],
   [
    18,
    22
   ],
   [
    19,
    23
   ],
   [
    28,
    24
   ],
   [
    29,
    25
   ],
   [
    30,
    26
   ],
   [
    31,
    27
   ],
   [
    24,
    28
   ],
   [
    25,
    29
   ],
   [
    26,
    30
   ],
   [
    27,
    31
   ],
   [
    36,
    32
   ],
   [
    37,
    33
   ],
   [
    38,
    34
   ],
   [
    39,
    35
   ],
   [
    32,
    36
   ],
   [
    33,
    37
   ],
   [
    34,
    38
   ],
   [
    35,
    39
   ],
   [
    8,
    0
   ],
   [
    9,
    1
   ],
   [
    10,
    2
   ],
   [
    11,
    3
   ],
   [
    12,
    4
   ],
   [
    13,
    5
   ],
   [
    14,
    6
   ],
   [
    15,
    7
   ],
   [
    16,
    8
   ],
   [
    17,
    9
   ],
   [
    18,
    10
   ],
   [
    19,
    11
   ],
   [
    20,
    12
   ],
   [
    21,
    13
   ],
   [
    22,
    14
   ],
   [
    23,
    15
   ],
   [
    24,
    16
   ],
   [
    25,
    17
   ],
   [
    26,
    18
   ],
   [
    27,
    19
   ],
   [
    28,
    20
   ],
   [
    29,
    21
   ],
   [
    30,
    22
   ],
   [
    31,
    23
   ],
   [
    32,
    24
   ],
   [
    33,
    25
   ],
   [
    34,
    26
   ],
   [
    35,
    27
   ],
   [
    36,
    28
   ],
   [
    37,
    29
   ],
   [
    38,
    30
   ],
   [
    39,
    31
   ],
   [
    0,
    8
   ],
   [
    1,
    9
   ],
   [
    2,
    10
   ],
   [
    3,
    11
   ],
   [
    4,
    12
   ],
   [
    5,
    13
   ],
   [
    6,
    14
   ],
   [
    7,
    15
   ],
   [
    8,
    16
   ],
   [
    9,
    17
   ],
   [
    10,
    18
   ],
   [
    11,
    19
   ],
   [
    12,
    20
   ],
   [
    13,
    21
   ],
   [
    14,
    22
   ],
   [
    15,
    23
   ],
   [
    16,
    24
   ],
   [
    17,
    25
   ],
   [
    18,
    26
   ],
   [
    19,
    27
   ],
   [
    20,
    28
   ],
   [
    21,
    29
   ],
   [
    22,
    30
   ],
   [
    23,
    31
   ],
   [
    24,
    32
   ],
   [
    25,
    33
   ],
   [
    26,
    34
   ],
   [
    27,
    35
   ],
   [
    28,
    36
   ],
   [
    29,
    37
   ],
   [
    30,
    38
   ],
   [
    31,
    39
   ],
   [
    1,
    0
   ],
   [
    2,
    1
   ],
   [
    3,
    2
   ],
   [
    5,
    4
   ],
   [
    6,
    5
   ],
   [
    7,
    6
   ],
   [
    9,
    8
   ],
   [
    10,
    9
   ],
   [
    11,
    10
   ],
   [
    13,
    12
   ],
   [
    14,
    13
   ],
   [
    15,
    14
   ],
   [
    17,
    16
   ],
   [
    18,
    17
   ],
   [
    19,
    18
   ],
   [
    21,
    20
   ],
   [
    22,
    21
   ],
   [
    23,
    22
   ],
   [
    25,
    24
   ],
   [
    26,
    25
   ],
   [
    27,
    26
   ],
   [
    29,
    28
   ],
   [
    30,
    29
   ],
   [
    31,
    30
   ],
   [
    33,
    32
   ],
   [
    34,
    33
   ],
   [
    35,
    34
   ],
   [
    37,
    36
   ],
   [
    38,
    37
   ],
   [
    39,
    38
   ],
   [
    0,
    1
   ],
   [
    1,
    2
   ],
   [
    2,
    3
   ],
   [
    4,
    5
   ],
   [
    5,
    6
   ],
   [
    6,
    7
   ],
   [
    8,
    9
   ],
   [
    9,
    10
   ],
   [
    10,
    11
   ],
   [
    12,
    13
   ],
   [
    13,
    14
   ],
   [
    14,
    15
   ],
   [
    16,
    17
   ],
   [
    17,
    18
   ],
   [
    18,
    19
   ],
   [
    20,
    21
   ],
   [
    21,
    22
   ],
   [
    22,
    23
   ],
   [
    24,
    25
   ],
   [
    25,
    26
   ],
   [
    26,
    27
   ],
   [
    28,
    29
   ],
   [
    29,
    30
   ],
   [
    30,
    31
   ],
   [
    32,
    33
   ],
   [
    33,
    34
   ],
   [
    34,
    35
   ],
   [
    36,
    37
   ],
   [
    37,
    38
   ],
   [
    38,
    39
   ]
  ],