{
 "model_type": "LP",
 "sat": true,
 "timeouted": false,
 "obj": 0,
 "solveTime": 1.479482889175415,
 "time": 7.887059926986694,
 "sol": {
  "K": 1,
  "H": 5,
  "M": [
   0,
   0,
   5,
   5
  ],
  "P": [
   2,
   2,
   7,
   7
  ],
  "O": [
   6
  ],
  "Q": [
   3,
   3,
   4,
   4,
   8,
   8,
   9,
   9
  ],
  "vicini1": [
   [
    5,
    0
   ],
   [
    6,
    1
   ],
   [
    7,
    2
   ],
   [
    8,
    3
   ],
   [
    9,
    4
   ],
   [
    0,
    5
   ],
   [
    1,
    6
   ],
   [
    2,
    7
   ],
   [
    3,
    8
   ],
   [
    4,
    9
   ],
   [
    1,
    0
   ],
   [
    2,
    1
   ],
   [
    3,
    2
   ],
   [
    4,
    3
   ],
   [
    6,
    5
   ],
   [
    7,
    6
   ],
   [
    8,
    7
   ],
   [
    9,
    8
   ],
   [
    0,
    1
   ],
   [
    1,
    2
   ],
   [
    2,
    3
   ],
   [
    3,
    4
   ],
   [
    5,
    6
   ],
   [
    6,
    7
   ],
   [
    7,
    8
   ],
   [
    8,
    9
   ]
  ],
  "vicini2": [
   [
    6,
    0
   ],
   [
    7,
    1
   ],
   [
    5,
    1
   ],
   [
    8,
    2
   ],
   [
    6,
    2
   ],
   [
    9,
    3
   ],
   [
    7,
    3
   ],
   [
    8,
    4
   ],
   [
    1,
    5
   ],
   [
    2,
    6
   ],
   [
    0,
    6
   ],
   [
    3,
    7
   ],
   [
    1,
    7
   ],
   [
    4,
    8
   ],
   [
    2,
    8
   ],
   [
    3,
    9
   ],
   [
    2,
    0
   ],
   [
    3,
    1
   ],
   [
    4,
    2
   ],
   [
    7,
    5
   ],
   [
    8,
    6
   ],
   [
    9,
    7
   ],
   [
    0,
    2
   ],
   [
    1,
    3
   ],
   [
    2,
    4
   ],
   [
    5,
    7
   ],
   [
    6,
    8
   ],
   [
    7,
    9
   ]
  ]
 }
}