{
 "model_type": "LP",
 "sat": true,
 "timeouted": false,
 "obj": 0,
 "solveTime": 0.00017595291137695312,
 "time": 0.06703591346740723,
 "sol": {
  "K": 3,
  "H": 1,
  "M": [
   0,
   0
  ],
  "P": [],
  "O": [
   1,
   4,
   3,
   2
  ],
  "Q": [
   5
  ]
 }
}