{
 "model_type": "LP",
 "sat": true,
 "timeouted": false,
 "obj": 0,
 "solveTime": 0.0007739067077636719,
 "time": 0.37555813789367676,
 "sol": {
  "K": 9,
  "H": 1,
  "M": [
   0,
   1,
   3,
   3,
   1,
   0
  ],
  "P": [],
  "O": [
   6,
   5,
   10,
   4,
   2,
   15,
   14,
   9,
   7,
   8
  ],
  "Q": [
   16,
   16,
   17,
   17
  ]
 }
}