{
 "model_type": "LP",
 "sat": true,
 "timeouted": false,
 "obj": 0,
 "solveTime": 96.3627860546112,
 "time": 217.8368730545044,
 "sol": {
  "K": 8,
  "H": 5,
  "M": [
   0,
   49,
   1,
   49,
   5,
   75,
   32,
   65,
   0,
   70,
   50,
   65,
   56,
   34,
   41,
   47,
   41,
   34,
   47,
   1,
   32,
   50,
   58,
   70,
   56,
   75,
   58,
   5
  ],
  "P": [
   43,
   38,
   67,
   36,
   78,
   25,
   43,
   77,
   67,
   29,
   78,
   29,
   38,
   12,
   77,
   54,
   30,
   54,
   69,
   36,
   12
  ],
  "O": [
   48,
   45,
   44,
   10,
   61,
   72,
   27,
   53,
   51,
   57,
   24,
   73,
   40,
   23
  ],
  "Q": [
   62,
   18,
   13,
   4,
   64,
   18,
   8,
   35,
   9,
   26,
   64,
   35,
   74,
   4,
   26,
   28,
   9,
   74,
   79,
   8,
   17,
   17,
   79,
   28,
   13
  ]
 }
}