{
 "model_type": "LP",
 "sat": true,
 "timeouted": false,
 "obj": 0,
 "solveTime": 0.0015530586242675781,
 "time": 1.6027851104736328,
 "sol": {
  "K": 4,
  "H": 3,
  "M": [
   0
  ],
  "P": [
   2,
   7,
   7,
   17,
   4,
   17,
   2,
   16,
   4,
   16
  ],
  "O": [
   1,
   21,
   13,
   23,
   18,
   19,
   12,
   9
  ],
  "Q": [
   20,
   14,
   10,
   22,
   8,
   11,
   22,
   15,
   10,
   15,
   14,
   8,
   5,
   5
  ]
 }
}