{
 "model_type": "LP",
 "sat": true,
 "timeouted": false,
 "obj": 0,
 "solveTime": 116.81845784187317,
 "time": 221.6914520263672,
 "sol": {
  "K": 4,
  "H": 10,
  "M": [
   0,
   43,
   43,
   39,
   0,
   20,
   24,
   41,
   25,
   41,
   44,
   9,
   24,
   20,
   25,
   31,
   39,
   31,
   9,
   5,
   5,
   44
  ],
  "P": [
   50,
   68,
   46,
   14,
   60,
   55,
   12,
   3,
   60,
   22,
   68,
   79,
   79,
   73,
   73,
   37,
   74,
   33,
   71,
   62,
   12,
   74,
   46,
   16,
   55,
   3,
   22,
   47
  ],
  "O": [
   27,
   4,
   2,
   54,
   52,
   53,
   61,
   26,
   38,
   30
  ],
  "Q": [
   77,
   17,
   77,
   48,
   70,
   76,
   75,
   78,
   13,
   13,
   67,
   72,
   78,
   75,
   67,
   70,
   76,
   66,
   17,
   72,
   66,
   56
  ]
 }
}