{
 "model_type": "LP",
 "sat": true,
 "timeouted": false,
 "obj": 0,
 "solveTime": 10.347572088241577,
 "time": 296.7436490058899,
 "sol": {
  "K": 8,
  "H": 6,
  "M": [
   0,
   38,
   1,
   7,
   11,
   2,
   79,
   1,
   33,
   9,
   44,
   11,
   36,
   49,
   8,
   37,
   6,
   33,
   90,
   20,
   6,
   49,
   44,
   0,
   8,
   7,
   26,
   38,
   26,
   9,
   2
  ],
  "P": [
   40,
   47,
   35,
   89,
   71,
   54,
   75,
   65,
   93,
   54,
   31,
   93,
   83,
   86,
   22,
   88,
   88,
   83,
   51,
   86,
   75,
   40,
   17,
   66,
   71,
   89,
   17,
   74,
   41,
   66,
   35,
   41,
   47
  ],
  "O": [
   25,
   15,
   24,
   43,
   78,
   76,
   4,
   50,
   34,
   27,
   81,
   46,
   92,
   85,
   60,
   3,
   82,
   32,
   39,
   73,
   12,
   52,
   29,
   62,
   53,
   77,
   67,
   70,
   18,
   21,
   23,
   14,
   13,
   19,
   28,
   45,
   58,
   48,
   57,
   30,
   10,
   56
  ],
  "Q": [
   94,
   87,
   87,
   95,
   59,
   59,
   94,
   16,
   95
  ]
 }
}