{
 "model_type": "LP",
 "sat": true,
 "timeouted": false,
 "obj": 0,
 "solveTime": 0.6668689250946045,
 "time": 42.160703897476196,
 "sol": {
  "K": 10,
  "H": 3,
  "M": [
   0,
   9,
   51,
   0,
   59,
   6,
   15,
   9,
   54,
   29,
   6,
   15,
   59,
   54
  ],
  "P": [
   33,
   50,
   2,
   8,
   17,
   39,
   47,
   22,
   42,
   25,
   17,
   20,
   8,
   18,
   2,
   11,
   20,
   18,
   50,
   47,
   44,
   24
  ],
  "O": [
   19,
   38,
   49,
   46,
   4,
   35,
   53,
   57,
   1,
   48,
   37,
   36,
   21,
   45,
   26,
   13,
   34,
   12,
   32,
   16,
   7,
   31,
   28,
   3,
   10,
   56,
   41,
   27
  ],
  "Q": [
   30,
   40,
   5,
   14,
   5,
   14
  ]
 }
}