{
 "model_type": "LP",
 "sat": true,
 "timeouted": false,
 "obj": 0,
 "solveTime": 0.003927946090698242,
 "time": 0.282865047454834,
 "sol": {
  "K": 8,
  "H": 1,
  "M": [
   0,
   0,
   14,
   14
  ],
  "P": [],
  "O": [
   9,
   15,
   13,
   12,
   2,
   1
  ],
  "Q": [
   6,
   5,
   8,
   6,
   11,
   5,
   7,
   7,
   11,
   8
  ]
 }
}