{
 "model_type": "LP",
 "sat": true,
 "timeouted": false,
 "obj": 3,
 "solveTime": 8.893013000488281e-05,
 "time": 0.008702993392944336,
 "sol": {
  "K": 2,
  "H": 1,
  "M": [
   0
  ],
  "P": [
   3,
   3,
   2,
   2
  ],
  "O": [],
  "Q": [
   1
  ]
 }
}