{
 "model_type": "LP",
 "sat": true,
 "timeouted": false,
 "obj": 0,
 "solveTime": 0.07991504669189453,
 "time": 3.367469072341919,
 "sol": {
  "K": 3,
  "H": 5,
  "M": [
   0,
   28,
   0,
   28,
   2
  ],
  "P": [
   19,
   24,
   20,
   20,
   17,
   19,
   24,
   11,
   11,
   17
  ],
  "O": [
   9,
   13,
   7,
   18,
   10,
   22,
   8,
   1,
   27,
   29,
   4,
   26,
   6,
   12,
   15,
   23
  ],
  "Q": [
   14,
   16,
   21,
   21,
   25,
   25,
   16,
   14
  ]
 }
}