{
 "model_type": "LP",
 "sat": true,
 "timeouted": false,
 "obj": 0,
 "solveTime": 0.002696990966796875,
 "time": 0.6800799369812012,
 "sol": {
  "K": 5,
  "H": 2,
  "M": [
   0,
   3,
   1,
   0,
   2,
   2,
   1
  ],
  "P": [
   15,
   15,
   14
  ],
  "O": [
   8,
   11,
   13,
   10,
   9,
   6,
   7,
   12
  ],
  "Q": [
   17,
   19,
   19,
   18,
   18,
   17,
   16
  ]
 }
}