{
 "model_type": "LP",
 "sat": true,
 "timeouted": false,
 "obj": 0,
 "solveTime": 0.08650088310241699,
 "time": 12.456121921539307,
 "sol": {
  "K": 2,
  "H": 10,
  "M": [
   0,
   10,
   20,
   28,
   20,
   10,
   30,
   30
  ],
  "P": [
   25,
   4,
   9,
   26,
   5,
   7,
   24,
   3,
   7,
   24,
   3,
   4,
   5,
   37,
   2,
   26,
   9,
   25,
   2,
   32,
   37,
   32
  ],
  "O": [
   22,
   21,
   18,
   17,
   31,
   23,
   15,
   13,
   12,
   29,
   11,
   27,
   8,
   16,
   14
  ],
  "Q": [
   6,
   36,
   35,
   34,
   33,
   19,
   33,
   19,
   6,
   34,
   36,
   35
  ]
 }
}