{
 "model_type": "LP",
 "sat": true,
 "timeouted": false,
 "obj": 0,
 "solveTime": 3.5055229663848877,
 "time": 30.470921993255615,
 "sol": {
  "K": 5,
  "H": 5,
  "M": [
   0,
   2,
   48,
   1,
   17,
   48,
   1,
   6,
   5,
   16,
   44,
   6,
   5,
   2,
   17,
   11
  ],
  "P": [
   35,
   37,
   8,
   33,
   25,
   28,
   33,
   40,
   35,
   37,
   28,
   31,
   8,
   36,
   25,
   31,
   36,
   40
  ],
  "O": [
   21,
   7,
   26,
   3,
   20,
   15,
   10,
   13,
   22,
   24,
   49,
   19,
   42,
   38,
   4,
   14,
   12,
   39,
   43,
   32,
   18,
   46,
   27
  ],
  "Q": [
   41,
   41,
   23,
   30,
   29,
   45,
   30,
   23,
   29,
   45
  ]
 }
}