{
 "model_type": "LP",
 "sat": true,
 "timeouted": false,
 "obj": 0,
 "solveTime": 0.0006198883056640625,
 "time": 0.5999839305877686,
 "sol": {
  "K": 1,
  "H": 10,
  "M": [
   0,
   0,
   10,
   10
  ],
  "P": [
   15,
   14,
   14,
   13,
   5,
   17,
   17,
   16,
   16,
   15
  ],
  "O": [
   12,
   8,
   11,
   7
  ],
  "Q": [
   19,
   18,
   18,
   9,
   9,
   19
  ]
 }
}