{
 "model_type": "LP",
 "sat": true,
 "timeouted": false,
 "obj": 0,
 "solveTime": 0.014442920684814453,
 "time": 0.46732497215270996,
 "sol": {
  "K": 3,
  "H": 3,
  "M": [
   0,
   2,
   3,
   9,
   9,
   2,
   11,
   0
  ],
  "P": [
   16,
   14,
   14,
   12,
   7,
   7,
   16
  ],
  "O": [
   5,
   10,
   4,
   17,
   15,
   1
  ],
  "Q": [
   13,
   13
  ]
 }
}