{
 "model_type": "LP",
 "sat": true,
 "timeouted": false,
 "obj": 0,
 "solveTime": 0.00014495849609375,
 "time": 0.11234688758850098,
 "sol": {
  "K": 1,
  "H": 5,
  "M": [
   0,
   5,
   0
  ],
  "P": [
   3,
   8,
   8,
   7,
   7,
   3
  ],
  "O": [
   6,
   2
  ],
  "Q": [
   4,
   9,
   9,
   4
  ]
 }
}