{
 "model_type": "LP",
 "sat": true,
 "timeouted": false,
 "obj": 0,
 "solveTime": 187.19095420837402,
 "time": 214.80373120307922,
 "sol": {
  "K": 3,
  "H": 8,
  "M": [
   0,
   0,
   30,
   47,
   30,
   15,
   47,
   23,
   31,
   15,
   23,
   31
  ],
  "P": [
   19,
   9,
   34,
   9,
   26,
   24,
   45,
   44,
   26,
   36,
   2,
   34,
   13,
   24,
   21,
   21,
   2,
   13,
   45,
   36,
   19,
   44
  ],
  "O": [
   22,
   17,
   14,
   35,
   32,
   1,
   38,
   7,
   6,
   8,
   11,
   41,
   42,
   29
  ],
  "Q": [
   3,
   33,
   5,
   33,
   3,
   4,
   25,
   12,
   40,
   43,
   40,
   10,
   12,
   20,
   10,
   4,
   20,
   18,
   25,
   5,
   18,
   37
  ]
 }
}