{
 "model_type": "LP",
 "sat": true,
 "timeouted": false,
 "obj": 0,
 "solveTime": 0.013628005981445312,
 "time": 1.0369620323181152,
 "sol": {
  "K": 2,
  "H": 5,
  "M": [
   0,
   1,
   5,
   10,
   0,
   5,
   15,
   10,
   15
  ],
  "P": [
   13,
   18,
   17,
   17,
   8,
   12,
   8,
   13,
   12,
   18
  ],
  "O": [
   2,
   3,
   7,
   6
  ],
  "Q": [
   14,
   9,
   9,
   19,
   14,
   19,
   4,
   4
  ]
 }
}