{
 "model_type": "LP",
 "sat": true,
 "timeouted": false,
 "obj": 0,
 "solveTime": 9.393692016601562e-05,
 "time": 0.03084111213684082,
 "sol": {
  "K": 1,
  "H": 3,
  "M": [
   0
  ],
  "P": [
   2,
   2,
   4,
   4
  ],
  "O": [
   1,
   3
  ],
  "Q": [
   5,
   5
  ]
 }
}