{
 "model_type": "LP",
 "sat": true,
 "timeouted": false,
 "obj": 0,
 "solveTime": 0.006434917449951172,
 "time": 0.2531249523162842,
 "sol": {
  "K": 7,
  "H": 1,
  "M": [
   0,
   1,
   0,
   1,
   3,
   3
  ],
  "P": [
   10,
   6,
   10,
   6
  ],
  "O": [
   5,
   12,
   2,
   11,
   13,
   7
  ],
  "Q": [
   8,
   9,
   9
  ]
 }
}