{
 "model_type": "LP",
 "sat": true,
 "timeouted": false,
 "obj": 0,
 "solveTime": 136.8885200023651,
 "time": 258.7179789543152,
 "sol": {
  "K": 9,
  "H": 4,
  "M": [
   0,
   70,
   38,
   38,
   1,
   31,
   4,
   46,
   0,
   47,
   37,
   35,
   30,
   1,
   22,
   41,
   35,
   34,
   34,
   37,
   4,
   31,
   46,
   41
  ],
  "P": [
   15,
   59,
   57,
   57,
   28,
   65,
   50,
   32,
   13,
   32,
   65,
   13,
   6,
   68,
   58,
   58,
   50,
   6,
   25,
   25,
   3,
   15,
   59,
   48,
   48,
   63,
   68,
   10,
   10,
   28
  ],
  "O": [
   9,
   26,
   49,
   19,
   12,
   20,
   18,
   54,
   33,
   23,
   5,
   67,
   21,
   36,
   61,
   51,
   14,
   44,
   42,
   40,
   17,
   16,
   29,
   71,
   43,
   69,
   45,
   53,
   55,
   2,
   39
  ],
  "Q": [
   11,
   52,
   60,
   56,
   11,
   64,
   60,
   7,
   24,
   52,
   64,
   7,
   24,
   56
  ]
 }
}