{
 "model_type": "LP",
 "sat": true,
 "timeouted": false,
 "obj": 0,
 "solveTime": 0.00014495849609375,
 "time": 0.12886595726013184,
 "sol": {
  "K": 4,
  "H": 1,
  "M": [
   0
  ],
  "P": [
   3,
   3
  ],
  "O": [
   5,
   6,
   1,
   4
  ],
  "Q": [
   7,
   7
  ]
 }
}