{
 "model_type": "LP",
 "sat": true,
 "timeouted": false,
 "obj": 0,
 "solveTime": 0.0005340576171875,
 "time": 0.18211603164672852,
 "sol": {
  "K": 1,
  "H": 6,
  "M": [
   0,
   0
  ],
  "P": [
   8,
   7,
   8,
   7
  ],
  "O": [
   2,
   1,
   5,
   9,
   11,
   10
  ],
  "Q": [
   3,
   4,
   4,
   3
  ]
 }
}