{
 "model_type": "LP",
 "sat": true,
 "timeouted": false,
 "obj": 0,
 "solveTime": 0.2245330810546875,
 "time": 0.6332700252532959,
 "sol": {
  "K": 2,
  "H": 4,
  "M": [
   0,
   12,
   4,
   5,
   5,
   0,
   12,
   4
  ],
  "P": [
   9,
   10,
   7,
   2,
   7,
   14,
   14,
   9,
   2,
   10
  ],
  "O": [
   3,
   13
  ],
  "Q": [
   11,
   11,
   15
  ]
 }
}