{
 "model_type": "LP",
 "sat": true,
 "timeouted": false,
 "obj": 0,
 "solveTime": 128.60308694839478,
 "time": 166.38601803779602,
 "sol": {
  "K": 9,
  "H": 3,
  "M": [
   0,
   52,
   34,
   30,
   48,
   52,
   45,
   34,
   0,
   39,
   51,
   31,
   45,
   31,
   30,
   40,
   6,
   40,
   51,
   36,
   48,
   39,
   6,
   36
  ],
  "P": [
   19,
   20,
   2,
   18,
   20,
   50,
   19,
   4,
   10,
   10,
   2,
   4
  ],
  "O": [
   8,
   3,
   49,
   24,
   9,
   12,
   15,
   37,
   35,
   26,
   1,
   43,
   33,
   25,
   7,
   13,
   22,
   41,
   28,
   53,
   46,
   47,
   27
  ],
  "Q": [
   16,
   11,
   16,
   21,
   21,
   17,
   23,
   5,
   11,
   17,
   23,
   14,
   44,
   5
  ]
 }
}