{
 "model_type": "LP",
 "sat": true,
 "timeouted": false,
 "obj": 0,
 "solveTime": 0.0004508495330810547,
 "time": 0.18407297134399414,
 "sol": {
  "K": 1,
  "H": 7,
  "M": [
   0,
   7,
   0,
   7
  ],
  "P": [
   2,
   12,
   2,
   11,
   9,
   6,
   6
  ],
  "O": [
   3,
   5,
   4,
   8,
   1
  ],
  "Q": [
   13
  ]
 }
}