{
 "model_type": "LP",
 "sat": true,
 "timeouted": false,
 "obj": 0,
 "solveTime": 130.5574278831482,
 "time": 171.54438090324402,
 "sol": {
  "K": 3,
  "H": 9,
  "M": [
   0,
   10,
   9,
   5,
   0,
   4,
   13,
   22,
   17,
   3,
   7,
   5,
   9,
   7,
   1,
   10,
   17,
   4,
   1,
   3
  ],
  "P": [
   42,
   34,
   41,
   45,
   30,
   39,
   24,
   37,
   20,
   53,
   50,
   43,
   42,
   37,
   43,
   39,
   24,
   20,
   46,
   34,
   30,
   41,
   50,
   46
  ],
  "O": [
   49,
   35,
   40,
   2,
   15,
   32,
   28,
   6,
   29,
   31,
   23,
   19,
   21,
   26,
   16,
   27,
   12,
   25,
   36,
   11
  ],
  "Q": [
   44,
   51,
   33,
   52,
   47,
   52,
   38,
   48,
   51,
   47,
   48,
   38
  ]
 }
}