{
 "model_type": "LP",
 "sat": true,
 "timeouted": false,
 "obj": 0,
 "solveTime": 0.7210640907287598,
 "time": 1.6232681274414062,
 "sol": {
  "K": 10,
  "H": 1,
  "M": [
   0,
   18,
   15,
   18,
   17,
   1,
   15,
   17,
   1,
   0
  ],
  "P": [
   12,
   11,
   12,
   11,
   4
  ],
  "O": [
   6,
   16,
   14,
   19,
   2,
   13,
   3
  ],
  "Q": [
   10,
   10,
   8,
   8,
   9,
   7,
   9
  ]
 }
}