{
 "model_type": "LP",
 "sat": true,
 "timeouted": false,
 "obj": 0,
 "solveTime": 236.1335690021515,
 "time": 236.562020778656,
 "sol": {
  "K": 1,
  "H": 8,
  "M": [
   0,
   2,
   3,
   8,
   10,
   2,
   10,
   8,
   0,
   1
  ],
  "P": [
   12,
   6,
   5,
   6,
   5
  ],
  "O": [
   4,
   9
  ],
  "Q": [
   13,
   13,
   14,
   14,
   15,
   15,
   7
  ]
 }
}