{
 "model_type": "LP",
 "sat": true,
 "timeouted": false,
 "obj": 0,
 "solveTime": 52.69601106643677,
 "time": 83.25049614906311,
 "sol": {
  "K": 4,
  "H": 7,
  "M": [
   0,
   43,
   55,
   33,
   32,
   19,
   47,
   48,
   34,
   0,
   40,
   55,
   34,
   40,
   32,
   46,
   54,
   33,
   19,
   47,
   46,
   54,
   41,
   48
  ],
  "P": [
   25,
   23,
   17,
   4,
   36,
   52,
   2,
   38,
   51,
   38,
   13,
   23,
   17,
   36,
   4,
   2,
   30,
   25,
   21,
   52
  ],
  "O": [
   18,
   8,
   6,
   31,
   1,
   14
  ],
  "Q": [
   10,
   9,
   37,
   24,
   3,
   35,
   24,
   3,
   9,
   11,
   10,
   37
  ]
 }
}