{
 "model_type": "LP",
 "sat": true,
 "timeouted": false,
 "obj": 0,
 "solveTime": 0.00562596321105957,
 "time": 0.17668795585632324,
 "sol": {
  "K": 3,
  "H": 2,
  "M": [
   0,
   5,
   3,
   5,
   0,
   3
  ],
  "P": [
   6,
   6,
   8,
   8,
   11,
   11
  ],
  "O": [
   2,
   4,
   7,
   9,
   1
  ],
  "Q": [
   10
  ]
 }
}