{
 "model_type": "LP",
 "sat": true,
 "timeouted": false,
 "obj": 0,
 "solveTime": 0.0003139972686767578,
 "time": 0.4513580799102783,
 "sol": {
  "K": 4,
  "H": 2,
  "M": [
   0,
   0
  ],
  "P": [
   11,
   11,
   10,
   10,
   9,
   9,
   8,
   8,
   3,
   3
  ],
  "O": [
   7,
   5,
   6,
   4
  ],
  "Q": [
   13,
   14,
   12,
   15,
   14,
   13,
   12,
   15
  ]
 }
}