{
 "model_type": "LP",
 "sat": true,
 "timeouted": false,
 "obj": 0,
 "solveTime": 4.908354043960571,
 "time": 9.492450952529907,
 "sol": {
  "K": 8,
  "H": 2,
  "M": [
   0,
   7,
   1,
   5,
   28,
   28,
   5,
   0,
   1,
   3
  ],
  "P": [
   20,
   20,
   8,
   15,
   31,
   8,
   15,
   31
  ],
  "O": [
   27,
   11,
   26,
   9,
   4,
   24,
   2
  ],
  "Q": [
   23,
   16,
   18,
   17,
   19,
   12,
   21,
   14,
   18,
   22,
   19,
   14,
   12,
   16,
   17,
   22
  ]
 }
}