{
 "model_type": "LP",
 "sat": true,
 "timeouted": false,
 "obj": 0,
 "solveTime": 0.3511078357696533,
 "time": 2.9379358291625977,
 "sol": {
  "K": 2,
  "H": 7,
  "M": [
   0,
   2,
   14,
   8,
   8,
   14,
   0,
   2
  ],
  "P": [
   6,
   27,
   19,
   12,
   12,
   27,
   26,
   26,
   19,
   6
  ],
  "O": [
   23,
   1,
   4,
   18,
   7,
   21,
   10,
   25,
   16,
   9,
   3
  ],
  "Q": [
   13,
   5,
   5,
   20,
   11,
   24,
   20,
   24
  ]
 }
}