{
 "model_type": "LP",
 "sat": true,
 "timeouted": false,
 "obj": 0,
 "solveTime": 0.01700305938720703,
 "time": 0.5552730560302734,
 "sol": {
  "K": 1,
  "H": 9,
  "M": [
   0,
   2,
   10,
   1,
   4,
   4,
   2,
   0
  ],
  "P": [
   12,
   14,
   15,
   15,
   6,
   6,
   14,
   12,
   17,
   17
  ],
  "O": [
   13,
   5
  ],
  "Q": [
   7,
   16,
   16,
   7
  ]
 }
}