{
 "model_type": "LP",
 "sat": true,
 "timeouted": false,
 "obj": 4,
 "solveTime": 0.4711110591888428,
 "time": 0.6220309734344482,
 "sol": {
  "K": 2,
  "H": 3,
  "M": [
   0,
   9,
   0,
   9
  ],
  "P": [
   7,
   7
  ],
  "O": [
   6,
   4,
   2,
   3,
   1
  ],
  "Q": [
   8,
   11,
   5,
   8,
   10,
   5
  ]
 }
}