{
 "model_type": "LP",
 "sat": true,
 "timeouted": false,
 "obj": 0,
 "solveTime": 0.2871229648590088,
 "time": 17.982895851135254,
 "sol": {
  "K": 6,
  "H": 4,
  "M": [
   0,
   1,
   7,
   2,
   43,
   2,
   40,
   4,
   40,
   22,
   5,
   5,
   22,
   14,
   14,
   3,
   0,
   7,
   1,
   4
  ],
  "P": [
   45,
   28,
   16,
   24,
   24,
   16,
   20,
   46,
   46,
   28,
   19,
   17,
   20,
   17,
   39,
   37,
   45,
   19
  ],
  "O": [
   23,
   15,
   31,
   38,
   9,
   34,
   30,
   32,
   29,
   33,
   36,
   6,
   42,
   13,
   12,
   27,
   47
  ],
  "Q": [
   25
  ]
 }
}