{
 "model_type": "LP",
 "sat": true,
 "timeouted": false,
 "obj": 4,
 "solveTime": 0.0003261566162109375,
 "time": 0.034770965576171875,
 "sol": {
  "K": 1,
  "H": 2,
  "M": [
   0,
   0
  ],
  "P": [
   3,
   3,
   2,
   2
  ],
  "O": [
   1
  ],
  "Q": []
 }
}