{
 "model_type": "LP",
 "sat": true,
 "timeouted": false,
 "obj": 0,
 "solveTime": 22.945441961288452,
 "time": 100.22566390037537,
 "sol": {
  "K": 4,
  "H": 8,
  "M": [
   0,
   15,
   39,
   0,
   61,
   15,
   63,
   62,
   61,
   55,
   55,
   63,
   12
  ],
  "P": [
   42,
   52,
   10,
   24,
   59,
   59,
   29,
   29,
   10,
   24,
   43,
   2,
   9,
   9,
   52,
   42,
   2,
   43
  ],
  "O": [
   8,
   4,
   36,
   53,
   16,
   11,
   47,
   45,
   30,
   23,
   44,
   32,
   14,
   21,
   60,
   31,
   17,
   1,
   38,
   13,
   6,
   3,
   37,
   20,
   54,
   46
  ],
  "Q": [
   25,
   33,
   48,
   33,
   25,
   19,
   41,
   19,
   51,
   57,
   26,
   18,
   26,
   50,
   57,
   40,
   49,
   34,
   56,
   49,
   56,
   41,
   35,
   50,
   48,
   40,
   58,
   34,
   58,
   51,
   18,
   35
  ]
 }
}