{
 "model_type": "LP",
 "sat": true,
 "timeouted": false,
 "obj": 0,
 "solveTime": 101.62163090705872,
 "time": 115.45360803604126,
 "sol": {
  "K": 5,
  "H": 4,
  "M": [
   0,
   4,
   36,
   12,
   4,
   36,
   0,
   37,
   12
  ],
  "P": [
   24,
   2,
   30,
   16,
   39,
   9,
   25,
   9,
   14,
   25,
   7,
   2,
   30,
   35,
   35,
   39,
   16,
   7
  ],
  "O": [
   26,
   6,
   5,
   33,
   8,
   13,
   38,
   34,
   20,
   10,
   29,
   1
  ],
  "Q": [
   11,
   3,
   17,
   17,
   22,
   27,
   11,
   18,
   27,
   31,
   19,
   18,
   31,
   23,
   3,
   19,
   23,
   22,
   15,
   15
  ]
 }
}