{
 "model_type": "LP",
 "sat": true,
 "timeouted": false,
 "obj": 0,
 "solveTime": 19.93767213821411,
 "time": 28.839277029037476,
 "sol": {
  "K": 3,
  "H": 6,
  "M": [
   0,
   6,
   30,
   0,
   30,
   6,
   12,
   1
  ],
  "P": [
   23,
   22,
   11,
   33,
   22,
   8,
   28,
   3,
   14,
   28,
   11,
   3,
   4,
   8,
   23,
   16,
   33,
   16,
   14,
   4
  ],
  "O": [
   10,
   7,
   32,
   2,
   24,
   13,
   25,
   18,
   29,
   19,
   34
  ],
  "Q": [
   17,
   21,
   35,
   15,
   27,
   5,
   27,
   9,
   35,
   21,
   15,
   5,
   9,
   20
  ]
 }
}