{
 "model_type": "LP",
 "sat": true,
 "timeouted": false,
 "obj": 0,
 "solveTime": 0.00013303756713867188,
 "time": 0.06378793716430664,
 "sol": {
  "K": 1,
  "H": 4,
  "M": [
   0,
   0
  ],
  "P": [
   2,
   2,
   5
  ],
  "O": [],
  "Q": [
   6,
   7,
   6,
   7,
   3,
   3
  ]
 }
}