{
 "model_type": "LP",
 "sat": true,
 "timeouted": false,
 "obj": 4,
 "solveTime": 0.0015380382537841797,
 "time": 0.06807494163513184,
 "sol": {
  "K": 2,
  "H": 2,
  "M": [
   0,
   0,
   4,
   3
  ],
  "P": [],
  "O": [
   6,
   2,
   5,
   1
  ],
  "Q": [
   7,
   7
  ]
 }
}