{
 "model_type": "LP",
 "sat": true,
 "timeouted": false,
 "obj": 0,
 "solveTime": 10.278670072555542,
 "time": 27.975744009017944,
 "sol": {
  "K": 8,
  "H": 3,
  "M": [
   0,
   26,
   18,
   4,
   26,
   0,
   2,
   18,
   1,
   9,
   10,
   22,
   17,
   16,
   7,
   19,
   7,
   2,
   6,
   3,
   25,
   6,
   22,
   4,
   1,
   25
  ],
  "P": [
   34,
   42,
   30,
   34,
   30,
   42
  ],
  "O": [
   31,
   23,
   40,
   13,
   14,
   46,
   28,
   24,
   5,
   12,
   15,
   21,
   35,
   20,
   43,
   47,
   27
  ],
  "Q": [
   33,
   41,
   36,
   45,
   33,
   39,
   39
  ]
 }
}