{
 "model_type": "LP",
 "sat": true,
 "timeouted": false,
 "obj": 0,
 "solveTime": 7.2406768798828125,
 "time": 20.40643000602722,
 "sol": {
  "K": 3,
  "H": 7,
  "M": [
   0,
   33,
   14,
   6,
   5,
   0,
   6,
   28,
   12,
   5,
   14,
   4,
   28,
   29,
   29
  ],
  "P": [
   16,
   31,
   8,
   2,
   31,
   8,
   37,
   39,
   38,
   17,
   39,
   16,
   38,
   2,
   37,
   17
  ],
  "O": [
   41,
   21,
   11,
   34,
   30,
   22,
   18,
   3,
   35,
   40,
   25,
   13,
   32,
   1,
   7,
   19,
   15,
   20,
   10
  ],
  "Q": [
   23,
   9,
   24,
   24,
   9,
   23
  ]
 }
}