{
 "model_type": "LP",
 "sat": true,
 "timeouted": false,
 "obj": 0,
 "solveTime": 0.051177024841308594,
 "time": 0.2830948829650879,
 "sol": {
  "K": 6,
  "H": 1,
  "M": [
   0,
   0,
   1,
   5,
   2,
   3,
   5,
   2,
   3,
   1
  ],
  "P": [
   6,
   6,
   9
  ],
  "O": [
   7
  ],
  "Q": [
   10,
   11,
   10,
   8,
   8,
   11
  ]
 }
}