{
 "model_type": "LP",
 "sat": true,
 "timeouted": false,
 "obj": 0,
 "solveTime": 3.657392978668213,
 "time": 149.33208298683167,
 "sol": {
  "K": 7,
  "H": 6,
  "M": [
   0,
   16,
   72,
   3,
   25,
   21,
   10,
   4,
   1,
   0,
   1,
   5,
   5,
   4,
   20,
   8,
   7,
   9,
   20,
   21,
   8,
   3,
   10,
   7,
   2,
   16,
   9,
   2
  ],
  "P": [
   29,
   74,
   47,
   23,
   36,
   83,
   59,
   18,
   41,
   80,
   83,
   29,
   47,
   41,
   59,
   18,
   38,
   23,
   76,
   76,
   80,
   79,
   71
  ],
  "O": [
   69,
   6,
   78,
   67,
   12,
   51,
   13,
   45,
   56,
   15,
   57,
   14,
   52,
   24,
   30,
   61,
   37,
   33,
   62,
   31,
   48,
   49,
   82,
   40,
   22,
   50,
   75,
   46,
   58,
   81,
   44,
   70,
   39,
   64,
   63
  ],
  "Q": [
   68,
   35,
   65,
   77,
   65,
   53,
   53,
   35
  ]
 }
}