{
 "model_type": "LP",
 "sat": true,
 "timeouted": false,
 "obj": 0,
 "solveTime": 46.576598167419434,
 "time": 61.25418210029602,
 "sol": {
  "K": 10,
  "H": 2,
  "M": [
   0,
   1,
   3,
   3,
   1,
   39,
   23,
   5,
   0
  ],
  "P": [
   25,
   15,
   26,
   6,
   15,
   25,
   26,
   13,
   34,
   11,
   8,
   6,
   20,
   11,
   20,
   33,
   34,
   13,
   17,
   8,
   33,
   17
  ],
  "O": [
   19,
   38,
   21,
   31,
   22,
   35,
   9,
   18,
   7,
   4,
   37,
   2
  ],
  "Q": [
   28,
   29,
   14,
   12,
   29,
   32,
   30,
   24,
   28,
   16,
   30,
   12,
   10,
   32,
   16,
   24,
   14,
   10
  ]
 }
}