{
 "model_type": "LP",
 "sat": true,
 "timeouted": false,
 "obj": 0,
 "solveTime": 0.059046030044555664,
 "time": 1.2960920333862305,
 "sol": {
  "K": 2,
  "H": 6,
  "M": [
   0,
   5,
   5,
   0
  ],
  "P": [
   23,
   3,
   10,
   10,
   7,
   18,
   23,
   18,
   3,
   7
  ],
  "O": [
   20,
   11,
   4,
   16,
   1,
   15
  ],
  "Q": [
   21,
   19,
   14,
   8,
   21,
   22,
   14,
   9,
   9
  ]
 }
}