{
 "model_type": "LP",
 "sat": true,
 "timeouted": false,
 "obj": 0,
 "solveTime": 64.67783999443054,
 "time": 73.31331300735474,
 "sol": {
  "K": 2,
  "H": 9,
  "M": [
   0,
   9,
   2,
   18,
   9,
   2,
   18,
   1,
   0,
   1
  ],
  "P": [
   21,
   25,
   7,
   8,
   25,
   21,
   29,
   30,
   31,
   7,
   31,
   24,
   24,
   30
  ],
  "O": [
   35,
   19,
   32,
   10,
   20,
   27,
   12,
   3,
   4,
   26,
   16,
   13,
   11,
   28,
   17
  ],
  "Q": [
   22,
   14,
   14,
   34,
   6,
   5,
   22,
   23,
   6,
   33,
   23,
   15,
   33,
   5
  ]
 }
}