{
 "model_type": "LP",
 "sat": true,
 "timeouted": false,
 "obj": 0,
 "solveTime": 0.06960582733154297,
 "time": 6.865885019302368,
 "sol": {
  "K": 9,
  "H": 2,
  "M": [
   0,
   0,
   7,
   7
  ],
  "P": [
   33,
   26,
   26,
   27,
   27,
   34,
   34,
   12,
   12,
   33
  ],
  "O": [
   21,
   8,
   19,
   22,
   3,
   14,
   2,
   23,
   11,
   16,
   17,
   1,
   6,
   20
  ],
  "Q": [
   25,
   35,
   29,
   24,
   24,
   18,
   13,
   25,
   30,
   30,
   31,
   28,
   29,
   32,
   32,
   35,
   31,
   28
  ]
 }
}