{
 "model_type": "LP",
 "sat": true,
 "timeouted": false,
 "obj": 0,
 "solveTime": 0.0018341541290283203,
 "time": 0.10998010635375977,
 "sol": {
  "K": 5,
  "H": 1,
  "M": [
   0,
   0,
   1,
   3,
   3
  ],
  "P": [
   7,
   7,
   4,
   9,
   6,
   4,
   6,
   9
  ],
  "O": [
   5,
   2
  ],
  "Q": []
 }
}