{
 "model_type": "LP",
 "sat": true,
 "timeouted": false,
 "obj": 0,
 "solveTime": 3.56268310546875,
 "time": 15.1948721408844,
 "sol": {
  "K": 4,
  "H": 5,
  "M": [
   0,
   32,
   25,
   36,
   36,
   34,
   32
  ],
  "P": [
   23,
   27,
   17,
   27,
   3,
   17,
   21,
   30,
   21,
   11,
   30,
   23,
   3,
   2,
   14,
   14
  ],
  "O": [
   31,
   22,
   5,
   24,
   15,
   26,
   20,
   33,
   1,
   38,
   10,
   29,
   16,
   6,
   39,
   12,
   35,
   37
  ],
  "Q": [
   4,
   19,
   13,
   28,
   7,
   19,
   28,
   4,
   18,
   13,
   9,
   8,
   9,
   8
  ]
 }
}