{
 "obj": 0,
 "stats": {
  "method": "minimize",
  "time": 0.24,
  "solveTime": 0.013122,
  "flatTime": 0.191597,
  "solutions": 6
 },
 "sol": {
  "K": 3,
  "H": 3,
  "M": [
   0,
   0,
   1,
   1,
   2,
   2,
   3,
   3
  ],
  "P": [
   11,
   11,
   12,
   12,
   13,
   13,
   14,
   14
  ],
  "O": [
   4,
   5,
   6,
   7,
   8,
   9,
   10
  ],
  "Q": [
   16
  ]
 }
}