{
 "obj": 0,
 "stats": {
  "method": "minimize",
  "time": 0.28,
  "solveTime": 0.032404,
  "flatTime": 0.20501,
  "solutions": 12
 },
 "sol": {
  "K": 3,
  "H": 3,
  "M": [
   0,
   0,
   1,
   1,
   2,
   2
  ],
  "P": [
   10,
   10,
   11,
   11
  ],
  "O": [
   3,
   4,
   5,
   6,
   7,
   8,
   9
  ],
  "Q": [
   15,
   15,
   16,
   16,
   17,
   17
  ]
 }
}