{
 "obj": 0,
 "stats": {
  "method": "minimize",
  "time": 0.91,
  "solveTime": 0.687486,
  "flatTime": 0.185205,
  "solutions": 13
 },
 "sol": {
  "K": 2,
  "H": 4,
  "M": [
   0,
   0,
   1,
   1,
   2,
   2
  ],
  "P": [
   7,
   7,
   11,
   11,
   12,
   12,
   13,
   13,
   14,
   14
  ],
  "O": [
   3,
   4
  ],
  "Q": [
   15,
   15
  ]
 }
}