{
 "obj": 0,
 "stats": {
  "method": "minimize",
  "time": 0.76,
  "solveTime": 0.291526,
  "flatTime": 0.376714,
  "solutions": 16
 },
 "sol": {
  "K": 3,
  "H": 4,
  "M": [
   0,
   0,
   1,
   1,
   2,
   2,
   3,
   3,
   4,
   4
  ],
  "P": [
   13,
   13,
   14,
   14,
   15,
   15,
   16,
   16,
   17,
   17,
   18,
   18
  ],
  "O": [
   5,
   6,
   7,
   8,
   9,
   10,
   11,
   12
  ],
  "Q": [
   21,
   21,
   22,
   22,
   23
  ]
 }
}