{
 "obj": 0,
 "stats": {
  "method": "minimize",
  "time": 3.65,
  "solveTime": 3.45973,
  "flatTime": 0.166084,
  "solutions": 6
 },
 "sol": {
  "K": 2,
  "H": 4,
  "M": [
   0
  ],
  "P": [
   9,
   9,
   12,
   12,
   15,
   15
  ],
  "O": [
   1,
   2,
   4,
   5,
   8
  ],
  "Q": [
   3,
   3,
   6,
   6,
   7,
   7,
   10,
   10,
   11,
   11,
   13,
   13,
   14,
   14
  ]
 }
}