{
 "model_type": "MZN",
 "sat": true,
 "timeouted": false,
 "obj": 0,
 "solveTime": 0.099253,
 "time": 2.069999,
 "sol": {
  "K": 6,
  "H": 4,
  "M": [
   0,
   0,
   1,
   1,
   2,
   2,
   3,
   3,
   4,
   4,
   5,
   5,
   6,
   6,
   7,
   7,
   8,
   8,
   9,
   9,
   10,
   10
  ],
  "P": [
   44,
   45,
   45,
   46,
   46,
   47,
   47
  ],
  "O": [
   11,
   12,
   13,
   14,
   15,
   16,
   17,
   18,
   19,
   20,
   21,
   22,
   23,
   24,
   25,
   26,
   27,
   28,
   29,
   30,
   31,
   32,
   33
  ],
  "Q": [
   37,
   37,
   38,
   38,
   39,
   39,
   40,
   40,
   41,
   41,
   42,
   42,
   43,
   43
  ]
 }
}