{
 "model_type": "LP",
 "sat": true,
 "timeouted": false,
 "obj": 10,
 "solveTime": 0.33232903480529785,
 "time": 114.22261810302734,
 "sol": {
  "K": 3,
  "H": 4,
  "M": [
   0,
   0
  ],
  "P": [
   4,
   4,
   5,
   5,
   7,
   7,
   16,
   16,
   21,
   21,
   22,
   22
  ],
  "O": [
   9,
   12,
   13,
   14,
   15,
   17,
   18
  ],
  "Q": [
   1,
   1,
   2,
   3,
   3,
   19,
   20,
   20,
   23,
   23
  ],
  "vicini1": [
   [
    4,
    0
   ],
   [
    5,
    1
   ],
   [
    6,
    2
   ],
   [
    7,
    3
   ],
   [
    0,
    4
   ],
   [
    1,
    5
   ],
   [
    2,
    6
   ],
   [
    3,
    7
   ],
   [
    12,
    8
   ],
   [
    13,
    9
   ],
   [
    14,
    10
   ],
   [
    15,
    11
   ],
   [
    8,
    12
   ],
   [
    9,
    13
   ],
   [
    10,
    14
   ],
   [
    11,
    15
   ],
   [
    20,
    16
   ],
   [
    21,
    17
   ],
   [
    22,
    18
   ],
   [
    23,
    19
   ],
   [
    16,
    20
   ],
   [
    17,
    21
   ],
   [
    18,
    22
   ],
   [
    19,
    23
   ],
   [
    8,
    0
   ],
   [
    9,
    1
   ],
   [
    10,
    2
   ],
   [
    11,
    3
   ],
   [
    12,
    4
   ],
   [
    13,
    5
   ],
   [
    14,
    6
   ],
   [
    15,
    7
   ],
   [
    16,
    8
   ],
   [
    17,
    9
   ],
   [
    18,
    10
   ],
   [
    19,
    11
   ],
   [
    20,
    12
   ],
   [
    21,
    13
   ],
   [
    22,
    14
   ],
   [
    23,
    15
   ],
   [
    0,
    8
   ],
   [
    1,
    9
   ],
   [
    2,
    10
   ],
   [
    3,
    11
   ],
   [
    4,
    12
   ],
   [
    5,
    13
   ],
   [
    6,
    14
   ],
   [
    7,
    15
   ],
   [
    8,
    16
   ],
   [
    9,
    17
   ],
   [
    10,
    18
   ],
   [
    11,
    19
   ],
   [
    12,
    20
   ],
   [
    13,
    21
   ],
   [
    14,
    22
   ],
   [
    15,
    23
   ],
   [
    1,
    0
   ],
   [
    2,
    1
   ],
   [
    3,
    2
   ],
   [
    5,
    4
   ],
   [
    6,
    5
   ],
   [
    7,
    6
   ],
   [
    9,
    8
   ],
   [
    10,
    9
   ],
   [
    11,
    10
   ],
   [
    13,
    12
   ],
   [
    14,
    13
   ],
   [
    15,
    14
   ],
   [
    17,
    16
   ],
   [
    18,
    17
   ],
   [
    19,
    18
   ],
   [
    21,
    20
   ],
   [
    22,
    21
   ],
   [
    23,
    22
   ],
   [
    0,
    1
   ],
   [
    1,
    2
   ],
   [
    2,
    3
   ],
   [
    4,
    5
   ],
   [
    5,
    6
   ],
   [
    6,
    7
   ],
   [
    8,
    9
   ],
   [
    9,
    10
   ],
   [
    10,
    11
   ],
   [
    12,
    13
   ],
   [
    13,
    14
   ],
   [
    14,
    15
   ],
   [
    16,
    17
   ],
   [
    17,
    18
   ],
   [
    18,
    19
   ],
   [
    20,
    21
   ],
   [
    21,
    22
   ],
   [
    22,
    23
   ]
  ],
  "vicini2": [
   [
    12,
    0
   ],
   [
    5,
    0
   ],
   [
    13,
    1
   ],
   [
    6,
    1
   ],
   [
    4,
    1
   ],
   [
    14,
    2
   ],
   [
    7,
    2
   ],
   [
    5,
    2
   ],
   [
    15,
    3
   ],
   [
    6,
    3
   ],
   [
    8,
    4
   ],
   [
    1,
    4
   ],
   [
    9,
    5
   ],
   [
    2,
    5
   ],
   [
    0,
    5
   ],
   [
    10,
    6
   ],
   [
    3,
    6
   ],
   [
    1,
    6
   ],
   [
    11,
    7
   ],
   [
    2,
    7
   ],
   [
    20,
    8
   ],
   [
    4,
    8
   ],
   [
    13,
    8
   ],
   [
    21,
    9
   ],
   [
    5,
    9
   ],
   [
    14,
    9
   ],
   [
    12,
    9
   ],
   [
    22,
    10
   ],
   [
    6,
    10
   ],
   [
    15,
    10
   ],
   [
    13,
    10
   ],
   [
    23,
    11
   ],
   [
    7,
    11
   ],
   [
    14,
    11
   ],
   [
    16,
    12
   ],
   [
    0,
    12
   ],
   [
    9,
    12
   ],
   [
    17,
    13
   ],
   [
    1,
    13
   ],
   [
    10,
    13
   ],
   [
    8,
    13
   ],
   [
    18,
    14
   ],
   [
    2,
    14
   ],
   [
    11,
    14
   ],
   [
    9,
    14
   ],
   [
    19,
    15
   ],
   [
    3,
    15
   ],
   [
    10,
    15
   ],
   [
    12,
    16
   ],
   [
    21,
    16
   ],
   [
    13,
    17
   ],
   [
    22,
    17
   ],
   [
    20,
    17
   ],
   [
    14,
    18
   ],
   [
    23,
    18
   ],
   [
    21,
    18
   ],
   [
    15,
    19
   ],
   [
    22,
    19
   ],
   [
    8,
    20
   ],
   [
    17,
    20
   ],
   [
    9,
    21
   ],
   [
    18,
    21
   ],
   [
    16,
    21
   ],
   [
    10,
    22
   ],
   [
    19,
    22
   ],
   [
    17,
    22
   ],
   [
    11,
    23
   ],
   [
    18,
    23
   ],
   [
    16,
    0
   ],
   [
    9,
    0
   ],
   [
    17,
    1
   ],
   [
    10,
    1
   ],
   [
    8,
    1
   ],
   [
    18,
    2
   ],
   [
    11,
    2
   ],
   [
    9,
    2
   ],
   [
    19,
    3
   ],
   [
    10,
    3
   ],
   [
    20,
    4
   ],
   [
    13,
    4
   ],
   [
    21,
    5
   ],
   [
    14,
    5
   ],
   [
    12,
    5
   ],
   [
    22,
    6
   ],
   [
    15,
    6
   ],
   [
    13,
    6
   ],
   [
    23,
    7
   ],
   [
    14,
    7
   ],
   [
    17,
    8
   ],
   [
    18,
    9
   ],
   [
    16,
    9
   ],
   [
    19,
    10
   ],
   [
    17,
    10
   ],
   [
    18,
    11
   ],
   [
    21,
    12
   ],
   [
    22,
    13
   ],
   [
    20,
    13
   ],
   [
    23,
    14
   ],
   [
    21,
    14
   ],
   [
    22,
    15
   ],
   [
    1,
    8
   ],
   [
    2,
    9
   ],
   [
    0,
    9
   ],
   [
    3,
    10
   ],
   [
    1,
    10
   ],
   [
    2,
    11
   ],
   [
    5,
    12
   ],
   [
    6,
    13
   ],
   [
    4,
    13
   ],
   [
    7,
    14
   ],
   [
    5,
    14
   ],
   [
    6,
    15
   ],
   [
    0,
    16
   ],
   [
    9,
    16
   ],
   [
    1,
    17
   ],
   [
    10,
    17
   ],
   [
    8,
    17
   ],
   [
    2,
    18
   ],
   [
    11,
    18
   ],
   [
    9,
    18
   ],
   [
    3,
    19
   ],
   [
    10,
    19
   ],
   [
    4,
    20
   ],
   [
    13,
    20
   ],
   [
    5,
    21
   ],
   [
    14,
    21
   ],
   [
    12,
    21
   ],
   [
    6,
    22
   ],
   [
    15,
    22
   ],
   [
    13,
    22
   ],
   [
    7,
    23
   ],
   [
    14,
    23
   ],
   [
    2,
    0
   ],
   [
    3,
    1
   ],
   [
    6,
    4
   ],
   [
    7,
    5
   ],
   [
    10,
    8
   ],
   [
    11,
    9
   ],
   [
    14,
    12
   ],
   [
    15,
    13
   ],
   [
    18,
    16
   ],
   [
    19,
    17
   ],
   [
    22,
    20
   ],
   [
    23,
    21
   ],
   [
    0,
    2
   ],
   [
    1,
    3
   ],
   [
    4,
    6
   ],
   [
    5,
    7
   ],
   [
    8,
    10
   ],
   [
    9,
    11
   ],
   [
    12,
    14
   ],
   [
    13,
    15
   ],
   [
    16,
    18
   ],
   [
    17,
    19
   ],
   [
    20,
    22
   ],
   [
    21,
    23
   ]
  ]
 }
}