{
 "model_type": "LP",
 "sat": true,
 "timeouted": false,
 "obj": 2,
 "solveTime": 0.0005209445953369141,
 "time": 1.2571630477905273,
 "sol": {
  "K": 1,
  "H": 3,
  "M": [
   0
  ],
  "P": [
   2,
   2,
   4,
   4
  ],
  "O": [],
  "Q": [
   1,
   1,
   5,
   5
  ],
  "vicini1": [
   [
    3,
    0
   ],
   [
    4,
    1
   ],
   [
    5,
    2
   ],
   [
    0,
    3
   ],
   [
    1,
    4
   ],
   [
    2,
    5
   ],
   [
    1,
    0
   ],
   [
    2,
    1
   ],
   [
    4,
    3
   ],
   [
    5,
    4
   ],
   [
    0,
    1
   ],
   [
    1,
    2
   ],
   [
    3,
    4
   ],
   [
    4,
    5
   ]
  ],
  "vicini2": [
   [
    4,
    0
   ],
   [
    5,
    1
   ],
   [
    3,
    1
   ],
   [
    4,
    2
   ],
   [
    1,
    3
   ],
   [
    2,
    4
   ],
   [
    0,
    4
   ],
   [
    1,
    5
   ],
   [
    2,
    0
   ],
   [
    5,
    3
   ],
   [
    0,
    2
   ],
   [
    3,
    5
   ]
  ]
 }
}