{
 "model_type": "LP",
 "sat": true,
 "timeouted": false,
 "obj": 28,
 "solveTime": 96.9202971458435,
 "time": 232.5472331047058,
 "sol": {
  "K": 2,
  "H": 4,
  "M": [
   0,
   0,
   4,
   4,
   15,
   15
  ],
  "P": [
   2,
   2,
   7,
   8,
   13
  ],
  "O": [
   5,
   6,
   9,
   10
  ],
  "Q": [
   1,
   1,
   3,
   3,
   11,
   12,
   12,
   14
  ],
  "vicini1": [
   [
    4,
    0
   ],
   [
    5,
    1
   ],
   [
    6,
    2
   ],
   [
    7,
    3
   ],
   [
    0,
    4
   ],
   [
    1,
    5
   ],
   [
    2,
    6
   ],
   [
    3,
    7
   ],
   [
    12,
    8
   ],
   [
    13,
    9
   ],
   [
    14,
    10
   ],
   [
    15,
    11
   ],
   [
    8,
    12
   ],
   [
    9,
    13
   ],
   [
    10,
    14
   ],
   [
    11,
    15
   ],
   [
    8,
    0
   ],
   [
    9,
    1
   ],
   [
    10,
    2
   ],
   [
    11,
    3
   ],
   [
    12,
    4
   ],
   [
    13,
    5
   ],
   [
    14,
    6
   ],
   [
    15,
    7
   ],
   [
    0,
    8
   ],
   [
    1,
    9
   ],
   [
    2,
    10
   ],
   [
    3,
    11
   ],
   [
    4,
    12
   ],
   [
    5,
    13
   ],
   [
    6,
    14
   ],
   [
    7,
    15
   ],
   [
    1,
    0
   ],
   [
    2,
    1
   ],
   [
    3,
    2
   ],
   [
    5,
    4
   ],
   [
    6,
    5
   ],
   [
    7,
    6
   ],
   [
    9,
    8
   ],
   [
    10,
    9
   ],
   [
    11,
    10
   ],
   [
    13,
    12
   ],
   [
    14,
    13
   ],
   [
    15,
    14
   ],
   [
    0,
    1
   ],
   [
    1,
    2
   ],
   [
    2,
    3
   ],
   [
    4,
    5
   ],
   [
    5,
    6
   ],
   [
    6,
    7
   ],
   [
    8,
    9
   ],
   [
    9,
    10
   ],
   [
    10,
    11
   ],
   [
    12,
    13
   ],
   [
    13,
    14
   ],
   [
    14,
    15
   ]
  ],
  "vicini2": [
   [
    12,
    0
   ],
   [
    5,
    0
   ],
   [
    13,
    1
   ],
   [
    6,
    1
   ],
   [
    4,
    1
   ],
   [
    14,
    2
   ],
   [
    7,
    2
   ],
   [
    5,
    2
   ],
   [
    15,
    3
   ],
   [
    6,
    3
   ],
   [
    8,
    4
   ],
   [
    1,
    4
   ],
   [
    9,
    5
   ],
   [
    2,
    5
   ],
   [
    0,
    5
   ],
   [
    10,
    6
   ],
   [
    3,
    6
   ],
   [
    1,
    6
   ],
   [
    11,
    7
   ],
   [
    2,
    7
   ],
   [
    4,
    8
   ],
   [
    13,
    8
   ],
   [
    5,
    9
   ],
   [
    14,
    9
   ],
   [
    12,
    9
   ],
   [
    6,
    10
   ],
   [
    15,
    10
   ],
   [
    13,
    10
   ],
   [
    7,
    11
   ],
   [
    14,
    11
   ],
   [
    0,
    12
   ],
   [
    9,
    12
   ],
   [
    1,
    13
   ],
   [
    10,
    13
   ],
   [
    8,
    13
   ],
   [
    2,
    14
   ],
   [
    11,
    14
   ],
   [
    9,
    14
   ],
   [
    3,
    15
   ],
   [
    10,
    15
   ],
   [
    9,
    0
   ],
   [
    10,
    1
   ],
   [
    8,
    1
   ],
   [
    11,
    2
   ],
   [
    9,
    2
   ],
   [
    10,
    3
   ],
   [
    13,
    4
   ],
   [
    14,
    5
   ],
   [
    12,
    5
   ],
   [
    15,
    6
   ],
   [
    13,
    6
   ],
   [
    14,
    7
   ],
   [
    1,
    8
   ],
   [
    2,
    9
   ],
   [
    0,
    9
   ],
   [
    3,
    10
   ],
   [
    1,
    10
   ],
   [
    2,
    11
   ],
   [
    5,
    12
   ],
   [
    6,
    13
   ],
   [
    4,
    13
   ],
   [
    7,
    14
   ],
   [
    5,
    14
   ],
   [
    6,
    15
   ],
   [
    2,
    0
   ],
   [
    3,
    1
   ],
   [
    6,
    4
   ],
   [
    7,
    5
   ],
   [
    10,
    8
   ],
   [
    11,
    9
   ],
   [
    14,
    12
   ],
   [
    15,
    13
   ],
   [
    0,
    2
   ],
   [
    1,
    3
   ],
   [
    4,
    6
   ],
   [
    5,
    7
   ],
   [
    8,
    10
   ],
   [
    9,
    11
   ],
   [
    12,
    14
   ],
   [
    13,
    15
   ]
  ]
 }
}