{
 "model_type": "LP",
 "sat": true,
 "timeouted": false,
 "obj": 11,
 "solveTime": 87.1541850566864,
 "time": 193.9177520275116,
 "sol": {
  "K": 2,
  "H": 5,
  "M": [
   0,
   0,
   1,
   5,
   5,
   10,
   10,
   15,
   19,
   19
  ],
  "P": [
   2,
   9,
   9,
   17,
   18
  ],
  "O": [
   3,
   6,
   7,
   8,
   11,
   12
  ],
  "Q": [
   4,
   14
  ],
  "vicini1": [
   [
    5,
    0
   ],
   [
    6,
    1
   ],
   [
    7,
    2
   ],
   [
    8,
    3
   ],
   [
    9,
    4
   ],
   [
    0,
    5
   ],
   [
    1,
    6
   ],
   [
    2,
    7
   ],
   [
    3,
    8
   ],
   [
    4,
    9
   ],
   [
    15,
    10
   ],
   [
    16,
    11
   ],
   [
    17,
    12
   ],
   [
    18,
    13
   ],
   [
    19,
    14
   ],
   [
    10,
    15
   ],
   [
    11,
    16
   ],
   [
    12,
    17
   ],
   [
    13,
    18
   ],
   [
    14,
    19
   ],
   [
    10,
    0
   ],
   [
    11,
    1
   ],
   [
    12,
    2
   ],
   [
    13,
    3
   ],
   [
    14,
    4
   ],
   [
    15,
    5
   ],
   [
    16,
    6
   ],
   [
    17,
    7
   ],
   [
    18,
    8
   ],
   [
    19,
    9
   ],
   [
    0,
    10
   ],
   [
    1,
    11
   ],
   [
    2,
    12
   ],
   [
    3,
    13
   ],
   [
    4,
    14
   ],
   [
    5,
    15
   ],
   [
    6,
    16
   ],
   [
    7,
    17
   ],
   [
    8,
    18
   ],
   [
    9,
    19
   ],
   [
    1,
    0
   ],
   [
    2,
    1
   ],
   [
    3,
    2
   ],
   [
    4,
    3
   ],
   [
    6,
    5
   ],
   [
    7,
    6
   ],
   [
    8,
    7
   ],
   [
    9,
    8
   ],
   [
    11,
    10
   ],
   [
    12,
    11
   ],
   [
    13,
    12
   ],
   [
    14,
    13
   ],
   [
    16,
    15
   ],
   [
    17,
    16
   ],
   [
    18,
    17
   ],
   [
    19,
    18
   ],
   [
    0,
    1
   ],
   [
    1,
    2
   ],
   [
    2,
    3
   ],
   [
    3,
    4
   ],
   [
    5,
    6
   ],
   [
    6,
    7
   ],
   [
    7,
    8
   ],
   [
    8,
    9
   ],
   [
    10,
    11
   ],
   [
    11,
    12
   ],
   [
    12,
    13
   ],
   [
    13,
    14
   ],
   [
    15,
    16
   ],
   [
    16,
    17
   ],
   [
    17,
    18
   ],
   [
    18,
    19
   ]
  ],
  "vicini2": [
   [
    15,
    0
   ],
   [
    6,
    0
   ],
   [
    16,
    1
   ],
   [
    7,
    1
   ],
   [
    5,
    1
   ],
   [
    17,
    2
   ],
   [
    8,
    2
   ],
   [
    6,
    2
   ],
   [
    18,
    3
   ],
   [
    9,
    3
   ],
   [
    7,
    3
   ],
   [
    19,
    4
   ],
   [
    8,
    4
   ],
   [
    10,
    5
   ],
   [
    1,
    5
   ],
   [
    11,
    6
   ],
   [
    2,
    6
   ],
   [
    0,
    6
   ],
   [
    12,
    7
   ],
   [
    3,
    7
   ],
   [
    1,
    7
   ],
   [
    13,
    8
   ],
   [
    4,
    8
   ],
   [
    2,
    8
   ],
   [
    14,
    9
   ],
   [
    3,
    9
   ],
   [
    5,
    10
   ],
   [
    16,
    10
   ],
   [
    6,
    11
   ],
   [
    17,
    11
   ],
   [
    15,
    11
   ],
   [
    7,
    12
   ],
   [
    18,
    12
   ],
   [
    16,
    12
   ],
   [
    8,
    13
   ],
   [
    19,
    13
   ],
   [
    17,
    13
   ],
   [
    9,
    14
   ],
   [
    18,
    14
   ],
   [
    0,
    15
   ],
   [
    11,
    15
   ],
   [
    1,
    16
   ],
   [
    12,
    16
   ],
   [
    10,
    16
   ],
   [
    2,
    17
   ],
   [
    13,
    17
   ],
   [
    11,
    17
   ],
   [
    3,
    18
   ],
   [
    14,
    18
   ],
   [
    12,
    18
   ],
   [
    4,
    19
   ],
   [
    13,
    19
   ],
   [
    11,
    0
   ],
   [
    12,
    1
   ],
   [
    10,
    1
   ],
   [
    13,
    2
   ],
   [
    11,
    2
   ],
   [
    14,
    3
   ],
   [
    12,
    3
   ],
   [
    13,
    4
   ],
   [
    16,
    5
   ],
   [
    17,
    6
   ],
   [
    15,
    6
   ],
   [
    18,
    7
   ],
   [
    16,
    7
   ],
   [
    19,
    8
   ],
   [
    17,
    8
   ],
   [
    18,
    9
   ],
   [
    1,
    10
   ],
   [
    2,
    11
   ],
   [
    0,
    11
   ],
   [
    3,
    12
   ],
   [
    1,
    12
   ],
   [
    4,
    13
   ],
   [
    2,
    13
   ],
   [
    3,
    14
   ],
   [
    6,
    15
   ],
   [
    7,
    16
   ],
   [
    5,
    16
   ],
   [
    8,
    17
   ],
   [
    6,
    17
   ],
   [
    9,
    18
   ],
   [
    7,
    18
   ],
   [
    8,
    19
   ],
   [
    2,
    0
   ],
   [
    3,
    1
   ],
   [
    4,
    2
   ],
   [
    7,
    5
   ],
   [
    8,
    6
   ],
   [
    9,
    7
   ],
   [
    12,
    10
   ],
   [
    13,
    11
   ],
   [
    14,
    12
   ],
   [
    17,
    15
   ],
   [
    18,
    16
   ],
   [
    19,
    17
   ],
   [
    0,
    2
   ],
   [
    1,
    3
   ],
   [
    2,
    4
   ],
   [
    5,
    7
   ],
   [
    6,
    8
   ],
   [
    7,
    9
   ],
   [
    10,
    12
   ],
   [
    11,
    13
   ],
   [
    12,
    14
   ],
   [
    15,
    17
   ],
   [
    16,
    18
   ],
   [
    17,
    19
   ]
  ]
 }
}