{
 "model_type": "LP",
 "sat": true,
 "timeouted": false,
 "obj": 21,
 "solveTime": 132.98737215995789,
 "time": 286.24589109420776,
 "sol": {
  "K": 3,
  "H": 3,
  "M": [
   0,
   0,
   3,
   3,
   12,
   15,
   15
  ],
  "P": [
   4,
   4,
   8,
   13,
   17,
   17
  ],
  "O": [
   6,
   14
  ],
  "Q": [
   1,
   2,
   2,
   5,
   16,
   16
  ],
  "vicini1": [
   [
    3,
    0
   ],
   [
    4,
    1
   ],
   [
    5,
    2
   ],
   [
    0,
    3
   ],
   [
    1,
    4
   ],
   [
    2,
    5
   ],
   [
    9,
    6
   ],
   [
    10,
    7
   ],
   [
    11,
    8
   ],
   [
    6,
    9
   ],
   [
    7,
    10
   ],
   [
    8,
    11
   ],
   [
    15,
    12
   ],
   [
    16,
    13
   ],
   [
    17,
    14
   ],
   [
    12,
    15
   ],
   [
    13,
    16
   ],
   [
    14,
    17
   ],
   [
    6,
    0
   ],
   [
    7,
    1
   ],
   [
    8,
    2
   ],
   [
    9,
    3
   ],
   [
    10,
    4
   ],
   [
    11,
    5
   ],
   [
    12,
    6
   ],
   [
    13,
    7
   ],
   [
    14,
    8
   ],
   [
    15,
    9
   ],
   [
    16,
    10
   ],
   [
    17,
    11
   ],
   [
    0,
    6
   ],
   [
    1,
    7
   ],
   [
    2,
    8
   ],
   [
    3,
    9
   ],
   [
    4,
    10
   ],
   [
    5,
    11
   ],
   [
    6,
    12
   ],
   [
    7,
    13
   ],
   [
    8,
    14
   ],
   [
    9,
    15
   ],
   [
    10,
    16
   ],
   [
    11,
    17
   ],
   [
    1,
    0
   ],
   [
    2,
    1
   ],
   [
    4,
    3
   ],
   [
    5,
    4
   ],
   [
    7,
    6
   ],
   [
    8,
    7
   ],
   [
    10,
    9
   ],
   [
    11,
    10
   ],
   [
    13,
    12
   ],
   [
    14,
    13
   ],
   [
    16,
    15
   ],
   [
    17,
    16
   ],
   [
    0,
    1
   ],
   [
    1,
    2
   ],
   [
    3,
    4
   ],
   [
    4,
    5
   ],
   [
    6,
    7
   ],
   [
    7,
    8
   ],
   [
    9,
    10
   ],
   [
    10,
    11
   ],
   [
    12,
    13
   ],
   [
    13,
    14
   ],
   [
    15,
    16
   ],
   [
    16,
    17
   ]
  ],
  "vicini2": [
   [
    9,
    0
   ],
   [
    4,
    0
   ],
   [
    10,
    1
   ],
   [
    5,
    1
   ],
   [
    3,
    1
   ],
   [
    11,
    2
   ],
   [
    4,
    2
   ],
   [
    6,
    3
   ],
   [
    1,
    3
   ],
   [
    7,
    4
   ],
   [
    2,
    4
   ],
   [
    0,
    4
   ],
   [
    8,
    5
   ],
   [
    1,
    5
   ],
   [
    15,
    6
   ],
   [
    3,
    6
   ],
   [
    10,
    6
   ],
   [
    16,
    7
   ],
   [
    4,
    7
   ],
   [
    11,
    7
   ],
   [
    9,
    7
   ],
   [
    17,
    8
   ],
   [
    5,
    8
   ],
   [
    10,
    8
   ],
   [
    12,
    9
   ],
   [
    0,
    9
   ],
   [
    7,
    9
   ],
   [
    13,
    10
   ],
   [
    1,
    10
   ],
   [
    8,
    10
   ],
   [
    6,
    10
   ],
   [
    14,
    11
   ],
   [
    2,
    11
   ],
   [
    7,
    11
   ],
   [
    9,
    12
   ],
   [
    16,
    12
   ],
   [
    10,
    13
   ],
   [
    17,
    13
   ],
   [
    15,
    13
   ],
   [
    11,
    14
   ],
   [
    16,
    14
   ],
   [
    6,
    15
   ],
   [
    13,
    15
   ],
   [
    7,
    16
   ],
   [
    14,
    16
   ],
   [
    12,
    16
   ],
   [
    8,
    17
   ],
   [
    13,
    17
   ],
   [
    12,
    0
   ],
   [
    7,
    0
   ],
   [
    13,
    1
   ],
   [
    8,
    1
   ],
   [
    6,
    1
   ],
   [
    14,
    2
   ],
   [
    7,
    2
   ],
   [
    15,
    3
   ],
   [
    10,
    3
   ],
   [
    16,
    4
   ],
   [
    11,
    4
   ],
   [
    9,
    4
   ],
   [
    17,
    5
   ],
   [
    10,
    5
   ],
   [
    13,
    6
   ],
   [
    14,
    7
   ],
   [
    12,
    7
   ],
   [
    13,
    8
   ],
   [
    16,
    9
   ],
   [
    17,
    10
   ],
   [
    15,
    10
   ],
   [
    16,
    11
   ],
   [
    1,
    6
   ],
   [
    2,
    7
   ],
   [
    0,
    7
   ],
   [
    1,
    8
   ],
   [
    4,
    9
   ],
   [
    5,
    10
   ],
   [
    3,
    10
   ],
   [
    4,
    11
   ],
   [
    0,
    12
   ],
   [
    7,
    12
   ],
   [
    1,
    13
   ],
   [
    8,
    13
   ],
   [
    6,
    13
   ],
   [
    2,
    14
   ],
   [
    7,
    14
   ],
   [
    3,
    15
   ],
   [
    10,
    15
   ],
   [
    4,
    16
   ],
   [
    11,
    16
   ],
   [
    9,
    16
   ],
   [
    5,
    17
   ],
   [
    10,
    17
   ],
   [
    2,
    0
   ],
   [
    5,
    3
   ],
   [
    8,
    6
   ],
   [
    11,
    9
   ],
   [
    14,
    12
   ],
   [
    17,
    15
   ],
   [
    0,
    2
   ],
   [
    3,
    5
   ],
   [
    6,
    8
   ],
   [
    9,
    11
   ],
   [
    12,
    14
   ],
   [
    15,
    17
   ]
  ]
 }
}