{
 "model_type": "LP",
 "sat": true,
 "timeouted": false,
 "obj": 0,
 "solveTime": 0.29795289039611816,
 "time": 2.259799003601074,
 "sol": {
  "K": 1,
  "H": 6,
  "M": [
   0,
   0,
   2,
   2,
   7,
   7
  ],
  "P": [
   11,
   11
  ],
  "O": [
   1,
   3,
   4,
   6,
   8,
   9
  ],
  "Q": [
   5,
   10
  ],
  "vicini1": [
   [
    6,
    0
   ],
   [
    7,
    1
   ],
   [
    8,
    2
   ],
   [
    9,
    3
   ],
   [
    10,
    4
   ],
   [
    11,
    5
   ],
   [
    0,
    6
   ],
   [
    1,
    7
   ],
   [
    2,
    8
   ],
   [
    3,
    9
   ],
   [
    4,
    10
   ],
   [
    5,
    11
   ],
   [
    1,
    0
   ],
   [
    2,
    1
   ],
   [
    3,
    2
   ],
   [
    4,
    3
   ],
   [
    5,
    4
   ],
   [
    7,
    6
   ],
   [
    8,
    7
   ],
   [
    9,
    8
   ],
   [
    10,
    9
   ],
   [
    11,
    10
   ],
   [
    0,
    1
   ],
   [
    1,
    2
   ],
   [
    2,
    3
   ],
   [
    3,
    4
   ],
   [
    4,
    5
   ],
   [
    6,
    7
   ],
   [
    7,
    8
   ],
   [
    8,
    9
   ],
   [
    9,
    10
   ],
   [
    10,
    11
   ]
  ],
  "vicini2": [
   [
    7,
    0
   ],
   [
    8,
    1
   ],
   [
    6,
    1
   ],
   [
    9,
    2
   ],
   [
    7,
    2
   ],
   [
    10,
    3
   ],
   [
    8,
    3
   ],
   [
    11,
    4
   ],
   [
    9,
    4
   ],
   [
    10,
    5
   ],
   [
    1,
    6
   ],
   [
    2,
    7
   ],
   [
    0,
    7
   ],
   [
    3,
    8
   ],
   [
    1,
    8
   ],
   [
    4,
    9
   ],
   [
    2,
    9
   ],
   [
    5,
    10
   ],
   [
    3,
    10
   ],
   [
    4,
    11
   ],
   [
    2,
    0
   ],
   [
    3,
    1
   ],
   [
    4,
    2
   ],
   [
    5,
    3
   ],
   [
    8,
    6
   ],
   [
    9,
    7
   ],
   [
    10,
    8
   ],
   [
    11,
    9
   ],
   [
    0,
    2
   ],
   [
    1,
    3
   ],
   [
    2,
    4
   ],
   [
    3,
    5
   ],
   [
    6,
    8
   ],
   [
    7,
    9
   ],
   [
    8,
    10
   ],
   [
    9,
    11
   ]
  ]
 }
}