{
 "model_type": "LP",
 "sat": true,
 "timeouted": false,
 "obj": 2,
 "solveTime": 0.0003688335418701172,
 "time": 1.2265429496765137,
 "sol": {
  "K": 1,
  "H": 2,
  "M": [
   0
  ],
  "P": [
   3
  ],
  "O": [],
  "Q": [
   1,
   2
  ],
  "vicini1": [
   [
    2,
    0
   ],
   [
    3,
    1
   ],
   [
    0,
    2
   ],
   [
    1,
    3
   ],
   [
    1,
    0
   ],
   [
    3,
    2
   ],
   [
    0,
    1
   ],
   [
    2,
    3
   ]
  ],
  "vicini2": [
   [
    3,
    0
   ],
   [
    2,
    1
   ],
   [
    1,
    2
   ],
   [
    0,
    3
   ]
  ]
 }
}