{
 "model_type": "LP",
 "sat": true,
 "timeouted": false,
 "obj": 8,
 "solveTime": 0.0007801055908203125,
 "time": 1.2634811401367188,
 "sol": {
  "K": 1,
  "H": 2,
  "M": [
   0,
   0
  ],
  "P": [],
  "O": [],
  "Q": [
   1,
   1,
   3,
   3
  ],
  "vicini1": [
   [
    2,
    0
   ],
   [
    3,
    1
   ],
   [
    0,
    2
   ],
   [
    1,
    3
   ],
   [
    1,
    0
   ],
   [
    3,
    2
   ],
   [
    0,
    1
   ],
   [
    2,
    3
   ]
  ],
  "vicini2": [
   [
    3,
    0
   ],
   [
    2,
    1
   ],
   [
    1,
    2
   ],
   [
    0,
    3
   ]
  ]
 }
}