{
 "model_type": "LP",
 "sat": true,
 "timeouted": false,
 "obj": 0,
 "solveTime": 0.0001919269561767578,
 "time": 1.3360068798065186,
 "sol": {
  "K": 3,
  "H": 2,
  "M": [
   0
  ],
  "P": [],
  "O": [
   1,
   2,
   3,
   4,
   6,
   7,
   8,
   11
  ],
  "Q": [
   9
  ],
  "vicini1": [
   [
    2,
    0
   ],
   [
    3,
    1
   ],
   [
    0,
    2
   ],
   [
    1,
    3
   ],
   [
    6,
    4
   ],
   [
    7,
    5
   ],
   [
    4,
    6
   ],
   [
    5,
    7
   ],
   [
    10,
    8
   ],
   [
    11,
    9
   ],
   [
    8,
    10
   ],
   [
    9,
    11
   ],
   [
    4,
    0
   ],
   [
    5,
    1
   ],
   [
    6,
    2
   ],
   [
    7,
    3
   ],
   [
    8,
    4
   ],
   [
    9,
    5
   ],
   [
    10,
    6
   ],
   [
    11,
    7
   ],
   [
    0,
    4
   ],
   [
    1,
    5
   ],
   [
    2,
    6
   ],
   [
    3,
    7
   ],
   [
    4,
    8
   ],
   [
    5,
    9
   ],
   [
    6,
    10
   ],
   [
    7,
    11
   ],
   [
    1,
    0
   ],
   [
    3,
    2
   ],
   [
    5,
    4
   ],
   [
    7,
    6
   ],
   [
    9,
    8
   ],
   [
    11,
    10
   ],
   [
    0,
    1
   ],
   [
    2,
    3
   ],
   [
    4,
    5
   ],
   [
    6,
    7
   ],
   [
    8,
    9
   ],
   [
    10,
    11
   ]
  ],
  "vicini2": [
   [
    6,
    0
   ],
   [
    3,
    0
   ],
   [
    7,
    1
   ],
   [
    2,
    1
   ],
   [
    4,
    2
   ],
   [
    1,
    2
   ],
   [
    5,
    3
   ],
   [
    0,
    3
   ],
   [
    10,
    4
   ],
   [
    2,
    4
   ],
   [
    7,
    4
   ],
   [
    11,
    5
   ],
   [
    3,
    5
   ],
   [
    6,
    5
   ],
   [
    8,
    6
   ],
   [
    0,
    6
   ],
   [
    5,
    6
   ],
   [
    9,
    7
   ],
   [
    1,
    7
   ],
   [
    4,
    7
   ],
   [
    6,
    8
   ],
   [
    11,
    8
   ],
   [
    7,
    9
   ],
   [
    10,
    9
   ],
   [
    4,
    10
   ],
   [
    9,
    10
   ],
   [
    5,
    11
   ],
   [
    8,
    11
   ],
   [
    8,
    0
   ],
   [
    5,
    0
   ],
   [
    9,
    1
   ],
   [
    4,
    1
   ],
   [
    10,
    2
   ],
   [
    7,
    2
   ],
   [
    11,
    3
   ],
   [
    6,
    3
   ],
   [
    9,
    4
   ],
   [
    8,
    5
   ],
   [
    11,
    6
   ],
   [
    10,
    7
   ],
   [
    1,
    4
   ],
   [
    0,
    5
   ],
   [
    3,
    6
   ],
   [
    2,
    7
   ],
   [
    0,
    8
   ],
   [
    5,
    8
   ],
   [
    1,
    9
   ],
   [
    4,
    9
   ],
   [
    2,
    10
   ],
   [
    7,
    10
   ],
   [
    3,
    11
   ],
   [
    6,
    11
   ]
  ]
 }
}