{
 "model_type": "LP",
 "sat": true,
 "timeouted": false,
 "obj": 4,
 "solveTime": 0.00028705596923828125,
 "time": 1.2210979461669922,
 "sol": {
  "K": 1,
  "H": 2,
  "M": [
   0,
   0,
   2,
   2
  ],
  "P": [],
  "O": [
   1
  ],
  "Q": [
   3
  ],
  "vicini1": [
   [
    2,
    0
   ],
   [
    3,
    1
   ],
   [
    0,
    2
   ],
   [
    1,
    3
   ],
   [
    1,
    0
   ],
   [
    3,
    2
   ],
   [
    0,
    1
   ],
   [
    2,
    3
   ]
  ],
  "vicini2": [
   [
    3,
    0
   ],
   [
    2,
    1
   ],
   [
    1,
    2
   ],
   [
    0,
    3
   ]
  ]
 }
}