{
 "obj": 0,
 "stats": {
  "method": "minimize",
  "time": 0.48,
  "solveTime": 0.121052,
  "flatTime": 0.292982,
  "solutions": 16
 },
 "sol": {
  "K": 3,
  "H": 3,
  "M": [
   0,
   0,
   1
  ],
  "P": [
   8,
   8,
   9,
   9,
   10,
   10,
   12,
   12
  ],
  "O": [
   2,
   3,
   4,
   5,
   6,
   7
  ],
  "Q": [
   11,
   11,
   14,
   14,
   15,
   15,
   16,
   16,
   17,
   17
  ]
 }
}