{
 "obj": 0,
 "stats": {
  "method": "minimize",
  "time": 0.55,
  "solveTime": 0.133909,
  "flatTime": 0.322329,
  "solutions": 23
 },
 "sol": {
  "K": 3,
  "H": 3,
  "M": [
   0,
   0,
   1,
   1,
   2
  ],
  "P": [
   9,
   9,
   10,
   10,
   11,
   11,
   12,
   12,
   13,
   13
  ],
  "O": [
   3,
   4,
   5,
   6,
   7
  ],
  "Q": [
   15,
   15,
   16,
   16,
   17,
   17
  ]
 }
}