{
 "obj": 0,
 "stats": {
  "method": "minimize",
  "time": 0.24,
  "solveTime": 0.042845,
  "flatTime": 0.174294,
  "solutions": 3
 },
 "sol": {
  "K": 3,
  "H": 3,
  "M": [
   0
  ],
  "P": [
   10,
   10,
   11,
   11,
   12,
   12,
   13,
   13,
   14,
   14,
   15,
   15
  ],
  "O": [
   1,
   2,
   3,
   4,
   5,
   6,
   7,
   8,
   9
  ],
  "Q": [
   16,
   16,
   17,
   17
  ]
 }
}