{
 "obj": 0,
 "stats": {
  "method": "minimize",
  "time": 0.49,
  "solveTime": 0.132661,
  "flatTime": 0.293071,
  "solutions": 9
 },
 "sol": {
  "K": 3,
  "H": 3,
  "M": [
   0,
   0,
   1,
   1
  ],
  "P": [
   9,
   9,
   10,
   10,
   12,
   12,
   13,
   13,
   16,
   16
  ],
  "O": [
   2,
   3,
   4,
   5,
   6,
   7,
   8
  ],
  "Q": [
   11,
   11,
   14,
   14,
   15,
   15
  ]
 }
}