{
 "obj": 0,
 "stats": {
  "method": "minimize",
  "time": 0.36,
  "solveTime": 0.015064,
  "flatTime": 0.293096,
  "solutions": 5
 },
 "sol": {
  "K": 3,
  "H": 3,
  "M": [
   0,
   0,
   1,
   1,
   2,
   2
  ],
  "P": [
   12,
   12,
   13,
   13,
   14,
   14,
   16,
   16
  ],
  "O": [
   3,
   4,
   5,
   6,
   7,
   8,
   9,
   10,
   11
  ],
  "Q": [
   15,
   15
  ]
 }
}