{
 "obj": 0,
 "stats": {
  "method": "minimize",
  "time": 0.39,
  "solveTime": 0.030451,
  "flatTime": 0.305161,
  "solutions": 19
 },
 "sol": {
  "K": 3,
  "H": 3,
  "M": [
   0,
   0,
   1,
   1,
   2
  ],
  "P": [
   9,
   9,
   10,
   10,
   11,
   11
  ],
  "O": [
   3,
   4,
   5,
   6,
   7,
   8
  ],
  "Q": [
   15,
   15,
   16,
   16,
   17,
   17
  ]
 }
}