{
 "obj": 0,
 "stats": {
  "method": "minimize",
  "time": 0.45,
  "solveTime": 0.178946,
  "flatTime": 0.215937,
  "solutions": 6
 },
 "sol": {
  "K": 3,
  "H": 3,
  "M": [
   0,
   0
  ],
  "P": [
   9,
   9,
   12,
   12,
   13,
   13,
   14,
   14,
   15,
   15,
   16,
   16
  ],
  "O": [
   1,
   2,
   3,
   4,
   5,
   6,
   7
  ],
  "Q": [
   8,
   8,
   10,
   10,
   11,
   11
  ]
 }
}