{
 "obj": 0,
 "stats": {
  "method": "minimize",
  "time": 3.28,
  "solveTime": 2.95987,
  "flatTime": 0.266086,
  "solutions": 11
 },
 "sol": {
  "K": 3,
  "H": 3,
  "M": [
   0,
   0,
   5,
   5,
   6,
   6,
   15,
   15
  ],
  "P": [
   13,
   13,
   17,
   17
  ],
  "O": [
   1,
   2,
   3,
   4,
   7,
   8,
   9,
   10,
   11,
   12
  ],
  "Q": [
   14,
   14
  ]
 }
}