{
 "obj": 0,
 "stats": {
  "method": "minimize",
  "time": 0.65,
  "solveTime": 0.340766,
  "flatTime": 0.244763,
  "solutions": 10
 },
 "sol": {
  "K": 3,
  "H": 3,
  "M": [
   0,
   0,
   1,
   1
  ],
  "P": [
   8,
   8,
   9,
   9,
   10,
   10,
   12,
   12,
   13,
   13
  ],
  "O": [
   2,
   3,
   4,
   5,
   6,
   7
  ],
  "Q": [
   11,
   11,
   14,
   14,
   15
  ]
 }
}