{
 "model_type": "ARR",
 "obj": 0,
 "stats": {
  "method": "minimize",
  "time": 4.56,
  "solveTime": 4.28045,
  "flatTime": 0.218533,
  "solutions": 17
 },
 "sol": {
  "K": 3,
  "H": 3,
  "M": [
   0,
   0,
   1
  ],
  "P": [
   9,
   9,
   10,
   10,
   12,
   12
  ],
  "O": [
   2,
   3,
   4,
   5,
   6,
   7,
   8
  ],
  "Q": [
   11,
   11,
   14,
   14,
   15,
   15,
   16,
   16,
   17,
   17
  ]
 }
}